rating,interest_rate,is_rejected
1.0,0.28,0
1.0,0.28,1
1.0,0.29,0
1.0,0.29,0
1.0,0.29,0
1.0,0.29,0
1.0,0.29,0
1.0,0.3,0
1.0,0.3,0
1.0,0.3,0
1.0,0.3,0
1.0,0.3,1
1.0,0.3,0
1.0,0.3,0
1.0,0.31,0
1.0,0.31,0
1.0,0.31,0
1.0,0.31,0
1.0,0.31,0
1.0,0.31,0
1.0,0.31,0
1.0,0.31,0
1.0,0.32,0
1.0,0.32,0
1.0,0.33,0
1.0,0.33,0
1.0,0.33,0
1.0,0.33,0
2.0,0.28,0
2.0,0.28,0
2.0,0.28,0
2.0,0.28,0
2.0,0.29,0
2.0,0.29,1
2.0,0.29,1
2.0,0.29,0
2.0,0.29,0
2.0,0.29,0
2.0,0.3,0
2.0,0.3,0
2.0,0.3,0
2.0,0.3,0
2.0,0.3,0
2.0,0.3,1
2.0,0.3,0
2.0,0.3,0
2.0,0.3,0
2.0,0.3,0
2.0,0.31,0
2.0,0.31,0
2.0,0.31,1
2.0,0.31,0
2.0,0.31,1
2.0,0.31,0
2.0,0.31,0
2.0,0.32,0
2.0,0.32,0
2.0,0.32,0
2.0,0.32,0
2.0,0.32,0
2.0,0.32,0
2.0,0.32,0
2.0,0.32,0
2.0,0.32,0
2.0,0.33,0
2.0,0.33,0
2.0,0.33,0
2.0,0.33,0
2.0,0.33,0
2.0,0.33,1
2.0,0.33,0
2.0,0.33,0
2.0,0.33,0
2.0,0.33,0
2.0,0.33,0
2.0,0.33,0
2.0,0.33,0
2.0,0.33,0
2.0,0.33,0
2.0,0.33,0
2.0,0.33,0
2.0,0.33,0
2.0,0.33,0
2.0,0.33,0
2.0,0.33,0
2.0,0.33,0
2.0,0.33,0
2.0,0.33,0
2.0,0.33,0
2.0,0.33,0
2.0,0.33,0
2.0,0.33,0
2.0,0.33,0
2.0,0.33,0
2.0,0.33,0
2.0,0.33,0
2.0,0.33,0
2.0,0.33,0
2.0,0.33,0
2.0,0.33,0
2.0,0.33,0
2.0,0.33,0
2.0,0.33,0
2.0,0.33,0
2.0,0.33,0
2.0,0.33,0
2.0,0.33,0
2.0,0.33,0
2.0,0.33,0
2.0,0.33,0
2.0,0.33,0
2.0,0.33,0
2.0,0.33,0
2.0,0.33,0
2.0,0.33,0
2.0,0.33,0
2.0,0.33,0
2.0,0.33,0
2.0,0.33,0
2.0,0.33,0
2.0,0.34,0
2.0,0.34,0
2.0,0.34,0
2.0,0.34,0
2.0,0.34,0
2.0,0.34,0
2.0,0.34,0
2.0,0.34,0
2.0,0.34,0
2.0,0.34,0
2.0,0.34,0
2.0,0.34,0
2.0,0.34,0
2.0,0.34,0
2.0,0.34,0
2.0,0.34,0
2.0,0.34,0
2.0,0.34,0
2.0,0.34,0
2.0,0.34,1
2.0,0.35,1
2.0,0.35,0
2.0,0.35,0
2.0,0.35,0
2.0,0.35,0
2.0,0.35,0
2.0,0.35,0
2.0,0.35,0
2.0,0.35,0
2.0,0.35,0
2.0,0.35,0
2.0,0.35,0
2.0,0.35,0
2.0,0.35,0
2.0,0.35,1
2.0,0.35,0
2.0,0.35,0
2.0,0.35,0
2.0,0.35,0
2.0,0.35,0
2.0,0.35,0
2.0,0.35,0
2.0,0.35,0
2.0,0.35,0
2.0,0.35,0
2.0,0.35,0
2.0,0.35,0
2.0,0.35,0
2.0,0.35,0
2.0,0.35,0
2.0,0.35,0
2.0,0.35,0
2.0,0.35,0
2.0,0.35,0
2.0,0.35,0
2.0,0.35,0
2.0,0.35,0
2.0,0.35,0
2.0,0.35,0
2.0,0.35,0
2.0,0.35,0
2.0,0.36,0
2.0,0.36,0
2.0,0.36,0
2.0,0.36,0
2.0,0.36,0
2.0,0.36,0
2.0,0.36,0
2.0,0.36,0
2.0,0.36,0
2.0,0.36,0
2.0,0.36,0
2.0,0.36,0
2.0,0.36,0
2.0,0.36,0
2.0,0.36,0
2.0,0.36,0
2.0,0.36,0
2.0,0.36,0
2.0,0.36,0
2.0,0.36,0
2.0,0.37,0
2.0,0.37,0
2.0,0.37,0
2.0,0.37,0
2.0,0.37,0
2.0,0.37,0
2.0,0.37,0
2.0,0.37,0
2.0,0.37,0
2.0,0.37,0
2.0,0.37,0
2.0,0.37,0
2.0,0.37,0
2.0,0.37,0
2.0,0.37,0
2.0,0.37,0
2.0,0.37,0
2.0,0.37,0
2.0,0.37,0
2.0,0.37,0
2.0,0.37,0
2.0,0.37,0
2.0,0.37,0
2.0,0.37,0
2.0,0.37,0
2.0,0.37,1
2.0,0.37,0
2.0,0.37,0
2.0,0.37,0
2.0,0.37,0
2.0,0.37,0
2.0,0.37,0
2.0,0.37,0
2.0,0.37,0
2.0,0.37,0
2.0,0.37,0
2.0,0.37,0
2.0,0.37,0
2.0,0.37,0
2.0,0.37,0
2.0,0.37,0
2.0,0.37,0
2.0,0.37,0
2.0,0.37,0
2.0,0.37,0
2.0,0.37,0
2.0,0.38,0
2.0,0.38,0
2.0,0.38,0
2.0,0.38,0
2.0,0.38,0
2.0,0.38,0
2.0,0.38,0
2.0,0.38,0
2.0,0.38,0
2.0,0.38,0
2.0,0.38,0
2.0,0.38,0
2.0,0.38,0
2.0,0.38,0
2.0,0.38,1
2.0,0.38,0
2.0,0.38,0
2.0,0.38,0
2.0,0.38,0
2.0,0.38,0
2.0,0.38,0
2.0,0.38,0
2.0,0.38,0
2.0,0.38,0
2.0,0.38,0
2.0,0.38,0
2.0,0.38,0
2.0,0.38,0
2.0,0.38,0
2.0,0.38,0
2.0,0.38,0
2.0,0.38,0
2.0,0.38,0
2.0,0.38,0
2.0,0.38,0
2.0,0.38,0
2.0,0.38,0
2.0,0.38,0
2.0,0.38,0
2.0,0.38,0
2.0,0.38,0
2.0,0.38,0
2.0,0.38,0
2.0,0.38,0
2.0,0.38,0
2.0,0.38,0
2.0,0.38,0
2.0,0.38,0
2.0,0.38,0
2.0,0.38,0
2.0,0.38,0
2.0,0.38,0
2.0,0.38,0
2.0,0.38,0
2.0,0.38,0
2.0,0.38,0
2.0,0.38,0
2.0,0.38,0
2.0,0.38,1
2.0,0.38,0
2.0,0.38,0
2.0,0.38,0
2.0,0.38,0
2.0,0.39,0
2.0,0.39,0
2.0,0.39,0
2.0,0.39,0
2.0,0.39,0
2.0,0.39,0
2.0,0.39,0
2.0,0.39,0
2.0,0.39,0
2.0,0.39,0
2.0,0.39,0
2.0,0.39,0
2.0,0.39,0
2.0,0.39,0
2.0,0.39,0
2.0,0.39,0
2.0,0.39,0
2.0,0.39,0
2.0,0.39,0
2.0,0.39,0
2.0,0.39,0
2.0,0.39,0
2.0,0.39,0
2.0,0.39,0
2.0,0.39,0
2.0,0.39,0
2.0,0.39,0
2.0,0.39,0
2.0,0.39,0
2.0,0.39,0
2.0,0.39,0
2.0,0.39,0
2.0,0.39,0
2.0,0.39,0
2.0,0.39,0
2.0,0.39,0
2.0,0.39,0
2.0,0.39,0
2.0,0.39,0
2.0,0.39,0
2.0,0.39,0
2.0,0.39,0
2.0,0.39,0
2.0,0.4,0
2.0,0.4,0
2.0,0.4,0
2.0,0.4,0
2.0,0.4,0
2.0,0.4,0
2.0,0.4,0
2.0,0.4,0
2.0,0.4,0
2.0,0.4,0
2.0,0.4,0
2.0,0.4,0
2.0,0.4,0
2.0,0.4,0
2.0,0.4,0
2.0,0.4,0
2.0,0.4,0
2.0,0.4,0
2.0,0.4,0
2.0,0.4,0
2.0,0.4,0
2.0,0.4,0
2.0,0.4,0
2.0,0.4,0
2.0,0.4,0
2.0,0.4,0
2.0,0.4,0
2.0,0.4,0
2.0,0.4,0
2.0,0.4,0
2.0,0.4,0
2.0,0.4,0
2.0,0.4,0
2.0,0.4,0
2.0,0.41,0
2.0,0.41,0
2.0,0.41,0
2.0,0.41,1
2.0,0.41,0
2.0,0.41,0
2.0,0.41,0
2.0,0.41,0
2.0,0.41,1
2.0,0.41,0
2.0,0.41,0
2.0,0.41,0
2.0,0.41,0
2.0,0.41,0
2.0,0.41,1
2.0,0.41,0
2.0,0.43,1
2.0,0.43,0
3.0,0.28,1
3.0,0.28,0
3.0,0.28,0
3.0,0.28,1
3.0,0.28,0
3.0,0.28,0
3.0,0.28,1
3.0,0.28,1
3.0,0.29,0
3.0,0.29,0
3.0,0.29,0
3.0,0.29,0
3.0,0.29,0
3.0,0.29,0
3.0,0.29,0
3.0,0.29,0
3.0,0.3,0
3.0,0.3,0
3.0,0.3,0
3.0,0.3,0
3.0,0.3,0
3.0,0.31,0
3.0,0.31,0
3.0,0.31,0
3.0,0.31,0
3.0,0.31,0
3.0,0.31,0
3.0,0.31,0
3.0,0.31,0
3.0,0.31,0
3.0,0.31,0
3.0,0.31,0
3.0,0.31,0
3.0,0.31,0
3.0,0.31,0
3.0,0.31,0
3.0,0.31,1
3.0,0.31,0
3.0,0.31,0
3.0,0.31,0
3.0,0.31,0
3.0,0.31,1
3.0,0.31,0
3.0,0.32,0
3.0,0.32,0
3.0,0.32,0
3.0,0.32,0
3.0,0.32,0
3.0,0.32,0
3.0,0.32,0
3.0,0.32,0
3.0,0.32,0
3.0,0.32,0
3.0,0.32,0
3.0,0.32,0
3.0,0.32,0
3.0,0.32,0
3.0,0.32,0
3.0,0.32,0
3.0,0.32,0
3.0,0.32,0
3.0,0.32,0
3.0,0.32,0
3.0,0.32,0
3.0,0.32,0
3.0,0.32,0
3.0,0.32,0
3.0,0.32,0
3.0,0.32,0
3.0,0.32,0
3.0,0.32,1
3.0,0.32,0
3.0,0.32,0
3.0,0.32,0
3.0,0.32,0
3.0,0.32,0
3.0,0.32,0
3.0,0.32,0
3.0,0.32,0
3.0,0.32,0
3.0,0.32,0
3.0,0.32,0
3.0,0.32,0
3.0,0.32,0
3.0,0.32,0
3.0,0.32,0
3.0,0.32,0
3.0,0.32,0
3.0,0.32,0
3.0,0.32,0
3.0,0.32,0
3.0,0.32,0
3.0,0.32,0
3.0,0.32,0
3.0,0.32,0
3.0,0.32,0
3.0,0.32,0
3.0,0.32,0
3.0,0.32,0
3.0,0.32,0
3.0,0.32,0
3.0,0.32,0
3.0,0.32,0
3.0,0.32,0
3.0,0.32,0
3.0,0.32,0
3.0,0.32,0
3.0,0.32,0
3.0,0.32,0
3.0,0.32,0
3.0,0.32,0
3.0,0.32,0
3.0,0.32,0
3.0,0.32,0
3.0,0.32,0
3.0,0.32,0
3.0,0.32,0
3.0,0.32,0
3.0,0.32,0
3.0,0.32,0
3.0,0.32,0
3.0,0.32,0
3.0,0.32,0
3.0,0.32,0
3.0,0.32,0
3.0,0.32,0
3.0,0.32,1
3.0,0.32,1
3.0,0.32,0
3.0,0.32,0
3.0,0.32,0
3.0,0.32,0
3.0,0.32,0
3.0,0.32,0
3.0,0.33,0
3.0,0.33,0
3.0,0.33,0
3.0,0.33,0
3.0,0.33,0
3.0,0.33,0
3.0,0.33,0
3.0,0.33,0
3.0,0.33,0
3.0,0.33,0
3.0,0.33,0
3.0,0.33,0
3.0,0.33,0
3.0,0.33,0
3.0,0.33,0
3.0,0.33,0
3.0,0.33,0
3.0,0.33,0
3.0,0.33,0
3.0,0.33,0
3.0,0.33,0
3.0,0.33,0
3.0,0.33,0
3.0,0.33,0
3.0,0.33,0
3.0,0.33,0
3.0,0.33,0
3.0,0.33,0
3.0,0.33,0
3.0,0.33,0
3.0,0.33,0
3.0,0.33,0
3.0,0.33,0
3.0,0.33,0
3.0,0.33,0
3.0,0.33,0
3.0,0.33,0
3.0,0.33,0
3.0,0.33,0
3.0,0.33,0
3.0,0.33,0
3.0,0.33,0
3.0,0.33,1
3.0,0.33,0
3.0,0.33,0
3.0,0.33,0
3.0,0.33,0
3.0,0.33,0
3.0,0.33,0
3.0,0.33,0
3.0,0.34,0
3.0,0.34,0
3.0,0.34,0
3.0,0.34,0
3.0,0.34,0
3.0,0.34,0
3.0,0.34,0
3.0,0.34,0
3.0,0.34,0
3.0,0.34,0
3.0,0.34,0
3.0,0.34,0
3.0,0.34,0
3.0,0.34,0
3.0,0.34,0
3.0,0.34,0
3.0,0.34,0
3.0,0.34,0
3.0,0.34,0
3.0,0.34,0
3.0,0.34,0
3.0,0.34,0
3.0,0.34,0
3.0,0.34,0
3.0,0.34,0
3.0,0.34,0
3.0,0.34,0
3.0,0.34,0
3.0,0.34,0
3.0,0.34,0
3.0,0.34,0
3.0,0.34,0
3.0,0.34,0
3.0,0.34,0
3.0,0.34,0
3.0,0.34,0
3.0,0.34,0
3.0,0.34,0
3.0,0.34,0
3.0,0.34,0
3.0,0.34,0
3.0,0.34,0
3.0,0.34,0
3.0,0.34,0
3.0,0.34,0
3.0,0.34,0
3.0,0.34,0
3.0,0.34,0
3.0,0.34,0
3.0,0.34,0
3.0,0.34,0
3.0,0.34,0
3.0,0.34,0
3.0,0.34,0
3.0,0.34,0
3.0,0.35,0
3.0,0.35,0
3.0,0.35,0
3.0,0.35,0
3.0,0.35,0
3.0,0.35,0
3.0,0.35,0
3.0,0.35,0
3.0,0.35,0
3.0,0.35,0
3.0,0.35,0
3.0,0.35,0
3.0,0.35,0
3.0,0.35,0
3.0,0.35,0
3.0,0.35,0
3.0,0.35,0
3.0,0.35,1
3.0,0.35,0
3.0,0.35,0
3.0,0.35,0
3.0,0.35,0
3.0,0.35,0
3.0,0.35,0
3.0,0.35,0
3.0,0.35,0
3.0,0.35,0
3.0,0.35,0
3.0,0.35,0
3.0,0.35,0
3.0,0.35,0
3.0,0.35,0
3.0,0.35,0
3.0,0.35,0
3.0,0.35,0
3.0,0.35,0
3.0,0.35,0
3.0,0.35,0
3.0,0.35,0
3.0,0.35,0
3.0,0.35,0
3.0,0.35,0
3.0,0.35,0
3.0,0.35,0
3.0,0.35,0
3.0,0.35,0
3.0,0.35,0
3.0,0.35,0
3.0,0.35,0
3.0,0.35,0
3.0,0.35,0
3.0,0.35,0
3.0,0.35,0
3.0,0.35,0
3.0,0.35,0
3.0,0.35,0
3.0,0.35,0
3.0,0.35,0
3.0,0.35,0
3.0,0.35,0
3.0,0.35,0
3.0,0.35,1
3.0,0.35,0
3.0,0.35,0
3.0,0.35,0
3.0,0.35,0
3.0,0.35,0
3.0,0.35,0
3.0,0.35,0
3.0,0.35,0
3.0,0.35,0
3.0,0.35,0
3.0,0.35,0
3.0,0.35,0
3.0,0.35,0
3.0,0.35,0
3.0,0.35,0
3.0,0.35,0
3.0,0.35,0
3.0,0.35,0
3.0,0.35,0
3.0,0.35,0
3.0,0.35,0
3.0,0.35,0
3.0,0.35,0
3.0,0.35,0
3.0,0.35,0
3.0,0.35,0
3.0,0.35,0
3.0,0.35,0
3.0,0.35,0
3.0,0.35,0
3.0,0.35,0
3.0,0.35,0
3.0,0.35,0
3.0,0.35,0
3.0,0.35,0
3.0,0.35,0
3.0,0.35,0
3.0,0.35,0
3.0,0.35,0
3.0,0.35,0
3.0,0.35,0
3.0,0.35,0
3.0,0.35,0
3.0,0.35,0
3.0,0.35,0
3.0,0.35,0
3.0,0.35,0
3.0,0.35,0
3.0,0.36,0
3.0,0.36,0
3.0,0.36,0
3.0,0.36,0
3.0,0.36,0
3.0,0.36,0
3.0,0.36,0
3.0,0.36,0
3.0,0.36,0
3.0,0.36,0
3.0,0.36,0
3.0,0.36,0
3.0,0.36,0
3.0,0.36,0
3.0,0.36,0
3.0,0.36,0
3.0,0.36,0
3.0,0.36,0
3.0,0.36,0
3.0,0.36,0
3.0,0.36,0
3.0,0.36,0
3.0,0.36,0
3.0,0.36,0
3.0,0.36,0
3.0,0.36,0
3.0,0.36,0
3.0,0.36,0
3.0,0.36,0
3.0,0.36,0
3.0,0.36,0
3.0,0.36,0
3.0,0.36,0
3.0,0.36,0
3.0,0.36,0
3.0,0.36,0
3.0,0.36,0
3.0,0.36,0
3.0,0.36,0
3.0,0.36,0
3.0,0.36,0
3.0,0.36,0
3.0,0.36,0
3.0,0.36,0
3.0,0.36,0
3.0,0.36,0
3.0,0.36,0
3.0,0.36,0
3.0,0.36,0
3.0,0.36,0
3.0,0.36,0
3.0,0.36,0
3.0,0.36,0
3.0,0.36,0
3.0,0.36,0
3.0,0.36,0
3.0,0.36,0
3.0,0.36,0
3.0,0.36,0
3.0,0.36,0
3.0,0.36,0
3.0,0.36,0
3.0,0.36,0
3.0,0.36,0
3.0,0.36,0
3.0,0.36,0
3.0,0.36,0
3.0,0.36,0
3.0,0.36,0
3.0,0.36,0
3.0,0.36,0
3.0,0.36,0
3.0,0.36,0
3.0,0.36,0
3.0,0.36,0
3.0,0.36,0
3.0,0.36,0
3.0,0.36,0
3.0,0.36,0
3.0,0.36,0
3.0,0.36,0
3.0,0.36,0
3.0,0.36,0
3.0,0.36,0
3.0,0.36,0
3.0,0.36,0
3.0,0.36,0
3.0,0.36,0
3.0,0.36,0
3.0,0.36,0
3.0,0.36,0
3.0,0.36,0
3.0,0.36,0
3.0,0.36,1
3.0,0.36,0
3.0,0.36,0
3.0,0.36,0
3.0,0.36,0
3.0,0.36,0
3.0,0.36,0
3.0,0.36,0
3.0,0.36,0
3.0,0.36,0
3.0,0.36,0
3.0,0.36,0
3.0,0.36,0
3.0,0.36,0
3.0,0.36,0
3.0,0.36,0
3.0,0.36,0
3.0,0.36,0
3.0,0.36,0
3.0,0.36,0
3.0,0.36,0
3.0,0.36,0
3.0,0.36,0
3.0,0.36,0
3.0,0.36,0
3.0,0.36,0
3.0,0.36,0
3.0,0.36,0
3.0,0.36,0
3.0,0.36,0
3.0,0.36,0
3.0,0.37,0
3.0,0.37,0
3.0,0.37,0
3.0,0.37,0
3.0,0.37,0
3.0,0.37,0
3.0,0.37,0
3.0,0.37,0
3.0,0.37,0
3.0,0.37,0
3.0,0.37,0
3.0,0.37,0
3.0,0.37,0
3.0,0.37,0
3.0,0.37,0
3.0,0.37,0
3.0,0.37,0
3.0,0.37,0
3.0,0.37,0
3.0,0.37,0
3.0,0.37,0
3.0,0.37,0
3.0,0.37,0
3.0,0.37,0
3.0,0.37,0
3.0,0.37,0
3.0,0.37,0
3.0,0.37,0
3.0,0.37,0
3.0,0.37,0
3.0,0.37,0
3.0,0.37,0
3.0,0.37,0
3.0,0.37,0
3.0,0.37,0
3.0,0.37,0
3.0,0.37,0
3.0,0.37,0
3.0,0.37,0
3.0,0.37,0
3.0,0.37,0
3.0,0.37,0
3.0,0.37,0
3.0,0.37,0
3.0,0.37,0
3.0,0.37,0
3.0,0.37,0
3.0,0.37,0
3.0,0.37,0
3.0,0.37,0
3.0,0.37,0
3.0,0.37,0
3.0,0.37,0
3.0,0.37,0
3.0,0.37,1
3.0,0.37,0
3.0,0.37,0
3.0,0.37,0
3.0,0.37,0
3.0,0.37,0
3.0,0.37,0
3.0,0.37,0
3.0,0.37,0
3.0,0.37,0
3.0,0.37,0
3.0,0.37,0
3.0,0.37,0
3.0,0.37,0
3.0,0.37,0
3.0,0.37,0
3.0,0.37,0
3.0,0.37,0
3.0,0.37,0
3.0,0.37,0
3.0,0.37,0
3.0,0.37,0
3.0,0.37,0
3.0,0.37,0
3.0,0.37,0
3.0,0.37,0
3.0,0.37,0
3.0,0.37,0
3.0,0.37,0
3.0,0.37,0
3.0,0.37,0
3.0,0.37,0
3.0,0.37,0
3.0,0.37,0
3.0,0.37,0
3.0,0.37,0
3.0,0.37,0
3.0,0.37,0
3.0,0.37,0
3.0,0.37,0
3.0,0.37,0
3.0,0.37,0
3.0,0.37,0
3.0,0.37,0
3.0,0.37,0
3.0,0.37,0
3.0,0.37,0
3.0,0.37,0
3.0,0.37,0
3.0,0.37,0
3.0,0.37,0
3.0,0.37,0
3.0,0.37,0
3.0,0.37,0
3.0,0.37,0
3.0,0.37,0
3.0,0.37,0
3.0,0.37,0
3.0,0.37,0
3.0,0.37,0
3.0,0.37,0
3.0,0.37,0
3.0,0.37,0
3.0,0.37,0
3.0,0.37,0
3.0,0.37,0
3.0,0.37,0
3.0,0.37,0
3.0,0.37,0
3.0,0.37,0
3.0,0.37,0
3.0,0.37,0
3.0,0.37,0
3.0,0.37,0
3.0,0.37,0
3.0,0.37,0
3.0,0.37,0
3.0,0.38,0
3.0,0.38,0
3.0,0.38,0
3.0,0.38,0
3.0,0.38,0
3.0,0.38,0
3.0,0.38,0
3.0,0.38,0
3.0,0.38,0
3.0,0.38,0
3.0,0.38,0
3.0,0.38,0
3.0,0.38,0
3.0,0.38,0
3.0,0.38,0
3.0,0.38,0
3.0,0.38,0
3.0,0.38,0
3.0,0.38,0
3.0,0.38,0
3.0,0.38,0
3.0,0.38,0
3.0,0.38,0
3.0,0.38,0
3.0,0.38,0
3.0,0.38,0
3.0,0.38,0
3.0,0.38,0
3.0,0.38,0
3.0,0.38,0
3.0,0.38,0
3.0,0.38,0
3.0,0.38,0
3.0,0.38,0
3.0,0.38,0
3.0,0.38,0
3.0,0.38,0
3.0,0.38,0
3.0,0.38,0
3.0,0.38,0
3.0,0.38,0
3.0,0.38,0
3.0,0.38,0
3.0,0.38,0
3.0,0.38,0
3.0,0.38,1
3.0,0.38,0
3.0,0.38,0
3.0,0.38,0
3.0,0.38,0
3.0,0.38,0
3.0,0.38,0
3.0,0.38,0
3.0,0.38,0
3.0,0.38,0
3.0,0.38,0
3.0,0.38,0
3.0,0.38,0
3.0,0.38,0
3.0,0.38,0
3.0,0.38,0
3.0,0.38,0
3.0,0.38,0
3.0,0.38,0
3.0,0.38,0
3.0,0.38,0
3.0,0.38,0
3.0,0.38,0
3.0,0.38,0
3.0,0.38,0
3.0,0.38,0
3.0,0.38,0
3.0,0.38,0
3.0,0.38,0
3.0,0.38,0
3.0,0.38,0
3.0,0.38,0
3.0,0.38,0
3.0,0.38,0
3.0,0.38,1
3.0,0.38,0
3.0,0.38,0
3.0,0.38,0
3.0,0.38,0
3.0,0.38,0
3.0,0.38,0
3.0,0.38,0
3.0,0.38,0
3.0,0.38,0
3.0,0.38,0
3.0,0.38,0
3.0,0.38,0
3.0,0.38,0
3.0,0.38,0
3.0,0.38,0
3.0,0.38,1
3.0,0.38,0
3.0,0.38,0
3.0,0.38,0
3.0,0.38,0
3.0,0.39,0
3.0,0.39,0
3.0,0.39,0
3.0,0.39,0
3.0,0.39,0
3.0,0.39,0
3.0,0.39,0
3.0,0.39,0
3.0,0.39,0
3.0,0.39,0
3.0,0.39,0
3.0,0.39,0
3.0,0.39,0
3.0,0.39,0
3.0,0.39,0
3.0,0.39,0
3.0,0.39,0
3.0,0.39,0
3.0,0.39,0
3.0,0.39,0
3.0,0.39,0
3.0,0.39,0
3.0,0.39,0
3.0,0.39,0
3.0,0.39,0
3.0,0.39,0
3.0,0.39,0
3.0,0.39,0
3.0,0.39,0
3.0,0.39,0
3.0,0.39,0
3.0,0.39,0
3.0,0.39,0
3.0,0.39,0
3.0,0.39,0
3.0,0.39,0
3.0,0.39,0
3.0,0.39,0
3.0,0.39,0
3.0,0.39,0
3.0,0.39,0
3.0,0.39,0
3.0,0.39,0
3.0,0.39,0
3.0,0.39,0
3.0,0.39,0
3.0,0.39,0
3.0,0.39,0
3.0,0.39,0
3.0,0.39,0
3.0,0.39,0
3.0,0.39,0
3.0,0.39,0
3.0,0.39,0
3.0,0.39,0
3.0,0.39,0
3.0,0.39,0
3.0,0.39,0
3.0,0.39,0
3.0,0.39,0
3.0,0.39,0
3.0,0.39,0
3.0,0.39,0
3.0,0.39,0
3.0,0.39,0
3.0,0.39,0
3.0,0.39,0
3.0,0.39,0
3.0,0.39,0
3.0,0.39,0
3.0,0.39,0
3.0,0.39,0
3.0,0.39,0
3.0,0.39,0
3.0,0.39,0
3.0,0.39,0
3.0,0.39,0
3.0,0.39,0
3.0,0.39,0
3.0,0.39,0
3.0,0.39,0
3.0,0.39,0
3.0,0.39,0
3.0,0.39,0
3.0,0.39,0
3.0,0.39,0
3.0,0.39,0
3.0,0.39,0
3.0,0.39,0
3.0,0.39,0
3.0,0.39,0
3.0,0.39,0
3.0,0.39,0
3.0,0.39,0
3.0,0.39,0
3.0,0.39,0
3.0,0.39,0
3.0,0.39,0
3.0,0.39,0
3.0,0.39,0
3.0,0.39,1
3.0,0.39,0
3.0,0.39,0
3.0,0.39,0
3.0,0.39,0
3.0,0.39,0
3.0,0.39,0
3.0,0.39,0
3.0,0.4,0
3.0,0.4,0
3.0,0.4,0
3.0,0.4,0
3.0,0.4,0
3.0,0.4,0
3.0,0.4,0
3.0,0.4,0
3.0,0.4,0
3.0,0.4,0
3.0,0.4,0
3.0,0.4,1
3.0,0.4,0
3.0,0.4,0
3.0,0.4,0
3.0,0.4,0
3.0,0.4,0
3.0,0.4,0
3.0,0.4,0
3.0,0.4,0
3.0,0.4,0
3.0,0.4,0
3.0,0.4,0
3.0,0.4,0
3.0,0.4,0
3.0,0.4,0
3.0,0.4,0
3.0,0.4,0
3.0,0.4,0
3.0,0.4,0
3.0,0.4,0
3.0,0.4,0
3.0,0.4,0
3.0,0.4,0
3.0,0.4,0
3.0,0.4,0
3.0,0.4,0
3.0,0.41,0
3.0,0.41,0
3.0,0.41,0
3.0,0.41,0
3.0,0.41,0
3.0,0.41,0
3.0,0.41,0
3.0,0.41,0
3.0,0.41,0
3.0,0.41,0
3.0,0.41,0
3.0,0.41,0
3.0,0.41,0
3.0,0.41,0
3.0,0.41,0
3.0,0.41,0
3.0,0.41,0
3.0,0.41,0
3.0,0.41,0
3.0,0.41,0
3.0,0.41,0
3.0,0.41,0
3.0,0.41,0
3.0,0.42,1
3.0,0.42,0
3.0,0.42,0
3.0,0.42,0
3.0,0.42,0
3.0,0.42,0
3.0,0.42,0
3.0,0.42,0
3.0,0.42,0
3.0,0.42,0
3.0,0.42,0
3.0,0.42,0
3.0,0.42,0
3.0,0.42,0
3.0,0.42,0
3.0,0.42,0
3.0,0.42,0
3.0,0.42,0
3.0,0.42,0
3.0,0.42,0
3.0,0.42,0
3.0,0.42,0
3.0,0.42,0
3.0,0.42,0
3.0,0.42,0
3.0,0.42,0
3.0,0.42,0
3.0,0.42,0
3.0,0.42,0
3.0,0.42,0
3.0,0.42,0
3.0,0.42,0
3.0,0.42,0
3.0,0.42,0
3.0,0.42,0
3.0,0.42,0
3.0,0.42,0
3.0,0.42,0
3.0,0.42,0
3.0,0.42,0
3.0,0.42,0
3.0,0.42,0
3.0,0.42,0
3.0,0.42,0
3.0,0.43,0
3.0,0.43,0
3.0,0.43,0
3.0,0.43,1
3.0,0.43,0
3.0,0.43,0
3.0,0.43,0
3.0,0.44,0
3.0,0.44,0
3.0,0.44,0
3.0,0.44,0
3.0,0.44,0
3.0,0.44,1
3.0,0.44,0
3.0,0.44,0
3.0,0.44,0
3.0,0.44,0
3.0,0.44,0
3.0,0.44,0
3.0,0.44,0
3.0,0.44,0
3.0,0.44,0
3.0,0.44,0
3.0,0.44,0
3.0,0.44,0
3.0,0.44,0
3.0,0.44,0
3.0,0.44,1
3.0,0.44,0
3.0,0.44,0
3.0,0.44,0
3.0,0.44,0
3.0,0.44,0
3.0,0.44,0
3.0,0.44,0
3.0,0.44,0
3.0,0.44,0
3.0,0.45,0
3.0,0.45,0
3.0,0.45,0
3.0,0.45,0
3.0,0.45,0
3.0,0.45,0
3.0,0.45,0
3.0,0.45,0
4.0,0.28,0
4.0,0.28,1
4.0,0.28,0
4.0,0.28,0
4.0,0.28,1
4.0,0.29,0
4.0,0.29,1
4.0,0.3,0
4.0,0.3,0
4.0,0.3,0
4.0,0.3,0
4.0,0.3,0
4.0,0.3,0
4.0,0.3,0
4.0,0.3,0
4.0,0.3,0
4.0,0.3,1
4.0,0.3,0
4.0,0.31,0
4.0,0.31,0
4.0,0.31,0
4.0,0.31,0
4.0,0.31,1
4.0,0.31,0
4.0,0.32,0
4.0,0.32,0
4.0,0.32,0
4.0,0.32,0
4.0,0.32,0
4.0,0.32,0
4.0,0.32,0
4.0,0.32,0
4.0,0.32,0
4.0,0.32,0
4.0,0.32,0
4.0,0.32,0
4.0,0.32,0
4.0,0.32,0
4.0,0.32,0
4.0,0.32,0
4.0,0.32,0
4.0,0.32,0
4.0,0.32,0
4.0,0.33,0
4.0,0.33,0
4.0,0.33,0
4.0,0.33,0
4.0,0.33,0
4.0,0.33,0
4.0,0.33,0
4.0,0.33,0
4.0,0.33,0
4.0,0.33,0
4.0,0.33,0
4.0,0.33,0
4.0,0.33,0
4.0,0.33,0
4.0,0.33,0
4.0,0.33,1
4.0,0.33,0
4.0,0.33,0
4.0,0.33,0
4.0,0.33,0
4.0,0.33,0
4.0,0.33,0
4.0,0.33,0
4.0,0.33,0
4.0,0.33,0
4.0,0.33,0
4.0,0.33,0
4.0,0.33,0
4.0,0.33,0
4.0,0.33,0
4.0,0.33,0
4.0,0.33,0
4.0,0.33,0
4.0,0.33,0
4.0,0.33,0
4.0,0.33,0
4.0,0.33,0
4.0,0.33,0
4.0,0.33,0
4.0,0.33,0
4.0,0.33,0
4.0,0.33,0
4.0,0.33,0
4.0,0.33,0
4.0,0.33,0
4.0,0.33,0
4.0,0.33,0
4.0,0.33,0
4.0,0.33,0
4.0,0.33,0
4.0,0.33,0
4.0,0.33,0
4.0,0.33,0
4.0,0.33,0
4.0,0.33,0
4.0,0.33,1
4.0,0.33,0
4.0,0.33,0
4.0,0.33,0
4.0,0.33,0
4.0,0.33,0
4.0,0.33,0
4.0,0.33,0
4.0,0.33,0
4.0,0.33,0
4.0,0.33,0
4.0,0.33,0
4.0,0.33,0
4.0,0.33,0
4.0,0.33,0
4.0,0.33,0
4.0,0.33,0
4.0,0.33,0
4.0,0.34,0
4.0,0.34,0
4.0,0.34,0
4.0,0.34,0
4.0,0.34,0
4.0,0.34,0
4.0,0.34,0
4.0,0.34,0
4.0,0.34,0
4.0,0.34,0
4.0,0.34,0
4.0,0.34,0
4.0,0.34,0
4.0,0.34,0
4.0,0.34,0
4.0,0.34,0
4.0,0.34,0
4.0,0.34,0
4.0,0.34,0
4.0,0.34,0
4.0,0.34,0
4.0,0.34,0
4.0,0.34,0
4.0,0.34,0
4.0,0.34,0
4.0,0.34,0
4.0,0.34,0
4.0,0.34,0
4.0,0.34,0
4.0,0.34,0
4.0,0.34,0
4.0,0.34,0
4.0,0.34,0
4.0,0.34,0
4.0,0.34,0
4.0,0.34,0
4.0,0.34,0
4.0,0.34,0
4.0,0.34,0
4.0,0.34,0
4.0,0.34,0
4.0,0.34,0
4.0,0.34,0
4.0,0.34,0
4.0,0.34,0
4.0,0.34,0
4.0,0.34,0
4.0,0.34,0
4.0,0.34,0
4.0,0.35,0
4.0,0.35,0
4.0,0.35,0
4.0,0.35,0
4.0,0.35,0
4.0,0.35,0
4.0,0.35,0
4.0,0.35,0
4.0,0.35,0
4.0,0.35,0
4.0,0.35,0
4.0,0.35,0
4.0,0.35,0
4.0,0.35,0
4.0,0.35,0
4.0,0.35,0
4.0,0.35,0
4.0,0.35,0
4.0,0.35,0
4.0,0.35,0
4.0,0.35,0
4.0,0.35,0
4.0,0.35,0
4.0,0.35,0
4.0,0.35,0
4.0,0.35,0
4.0,0.35,0
4.0,0.35,0
4.0,0.35,0
4.0,0.35,0
4.0,0.35,0
4.0,0.35,0
4.0,0.35,0
4.0,0.35,0
4.0,0.35,0
4.0,0.35,0
4.0,0.35,0
4.0,0.35,0
4.0,0.35,0
4.0,0.35,0
4.0,0.35,0
4.0,0.35,0
4.0,0.35,0
4.0,0.35,0
4.0,0.35,0
4.0,0.35,0
4.0,0.35,0
4.0,0.35,0
4.0,0.35,0
4.0,0.35,0
4.0,0.35,0
4.0,0.35,0
4.0,0.35,0
4.0,0.35,1
4.0,0.35,0
4.0,0.35,0
4.0,0.35,0
4.0,0.35,0
4.0,0.35,0
4.0,0.35,0
4.0,0.35,1
4.0,0.35,0
4.0,0.35,0
4.0,0.35,0
4.0,0.36,0
4.0,0.36,0
4.0,0.36,0
4.0,0.36,0
4.0,0.36,0
4.0,0.36,0
4.0,0.36,0
4.0,0.36,0
4.0,0.36,0
4.0,0.36,0
4.0,0.36,0
4.0,0.36,0
4.0,0.36,0
4.0,0.36,0
4.0,0.36,0
4.0,0.36,0
4.0,0.36,0
4.0,0.36,0
4.0,0.36,0
4.0,0.36,0
4.0,0.36,0
4.0,0.36,1
4.0,0.36,0
4.0,0.36,0
4.0,0.36,0
4.0,0.36,0
4.0,0.36,0
4.0,0.36,0
4.0,0.36,0
4.0,0.36,0
4.0,0.36,0
4.0,0.36,0
4.0,0.36,0
4.0,0.36,0
4.0,0.36,0
4.0,0.36,0
4.0,0.36,0
4.0,0.36,0
4.0,0.36,0
4.0,0.36,0
4.0,0.36,0
4.0,0.36,0
4.0,0.36,0
4.0,0.36,1
4.0,0.36,0
4.0,0.36,0
4.0,0.36,0
4.0,0.36,0
4.0,0.36,0
4.0,0.36,0
4.0,0.36,0
4.0,0.36,0
4.0,0.36,0
4.0,0.36,0
4.0,0.36,0
4.0,0.36,0
4.0,0.36,0
4.0,0.36,0
4.0,0.36,0
4.0,0.36,0
4.0,0.36,0
4.0,0.36,0
4.0,0.36,0
4.0,0.36,0
4.0,0.36,0
4.0,0.36,0
4.0,0.36,0
4.0,0.36,0
4.0,0.36,0
4.0,0.36,1
4.0,0.36,0
4.0,0.36,0
4.0,0.36,0
4.0,0.36,0
4.0,0.36,0
4.0,0.36,0
4.0,0.36,0
4.0,0.36,0
4.0,0.36,0
4.0,0.36,0
4.0,0.36,0
4.0,0.36,0
4.0,0.36,0
4.0,0.36,0
4.0,0.36,0
4.0,0.36,0
4.0,0.36,0
4.0,0.36,0
4.0,0.36,0
4.0,0.36,0
4.0,0.36,0
4.0,0.36,0
4.0,0.36,0
4.0,0.36,0
4.0,0.36,0
4.0,0.36,0
4.0,0.36,0
4.0,0.36,0
4.0,0.36,0
4.0,0.36,0
4.0,0.36,0
4.0,0.36,0
4.0,0.36,0
4.0,0.36,0
4.0,0.36,0
4.0,0.36,0
4.0,0.36,0
4.0,0.36,0
4.0,0.36,0
4.0,0.36,0
4.0,0.36,0
4.0,0.36,0
4.0,0.36,0
4.0,0.36,0
4.0,0.36,0
4.0,0.36,0
4.0,0.36,0
4.0,0.36,0
4.0,0.37,0
4.0,0.37,0
4.0,0.37,1
4.0,0.37,0
4.0,0.37,0
4.0,0.37,0
4.0,0.37,0
4.0,0.37,0
4.0,0.37,0
4.0,0.37,0
4.0,0.37,0
4.0,0.37,0
4.0,0.37,0
4.0,0.37,0
4.0,0.37,1
4.0,0.37,0
4.0,0.37,0
4.0,0.37,0
4.0,0.37,0
4.0,0.37,0
4.0,0.37,0
4.0,0.37,0
4.0,0.37,0
4.0,0.37,0
4.0,0.37,0
4.0,0.37,0
4.0,0.37,0
4.0,0.37,0
4.0,0.37,0
4.0,0.37,0
4.0,0.37,0
4.0,0.37,0
4.0,0.37,0
4.0,0.37,0
4.0,0.37,0
4.0,0.37,0
4.0,0.37,0
4.0,0.37,0
4.0,0.37,0
4.0,0.37,0
4.0,0.37,0
4.0,0.37,0
4.0,0.37,0
4.0,0.37,0
4.0,0.37,0
4.0,0.37,0
4.0,0.37,0
4.0,0.37,0
4.0,0.37,0
4.0,0.37,0
4.0,0.37,0
4.0,0.37,0
4.0,0.37,0
4.0,0.37,0
4.0,0.37,0
4.0,0.37,0
4.0,0.37,0
4.0,0.37,0
4.0,0.37,0
4.0,0.37,0
4.0,0.37,0
4.0,0.37,0
4.0,0.37,0
4.0,0.37,0
4.0,0.37,0
4.0,0.37,0
4.0,0.37,0
4.0,0.37,0
4.0,0.37,0
4.0,0.37,0
4.0,0.37,0
4.0,0.37,0
4.0,0.37,0
4.0,0.37,0
4.0,0.37,0
4.0,0.37,0
4.0,0.37,0
4.0,0.37,0
4.0,0.37,0
4.0,0.37,0
4.0,0.37,0
4.0,0.37,0
4.0,0.37,0
4.0,0.37,0
4.0,0.37,0
4.0,0.37,0
4.0,0.37,0
4.0,0.37,0
4.0,0.37,0
4.0,0.37,0
4.0,0.37,0
4.0,0.37,0
4.0,0.37,0
4.0,0.37,0
4.0,0.37,0
4.0,0.37,0
4.0,0.37,0
4.0,0.37,0
4.0,0.37,0
4.0,0.37,0
4.0,0.37,0
4.0,0.37,0
4.0,0.37,0
4.0,0.37,0
4.0,0.37,0
4.0,0.37,0
4.0,0.37,0
4.0,0.37,0
4.0,0.37,0
4.0,0.37,0
4.0,0.37,0
4.0,0.37,0
4.0,0.37,0
4.0,0.37,0
4.0,0.37,0
4.0,0.37,0
4.0,0.37,0
4.0,0.37,0
4.0,0.37,0
4.0,0.37,0
4.0,0.37,0
4.0,0.37,0
4.0,0.37,0
4.0,0.37,0
4.0,0.37,0
4.0,0.37,0
4.0,0.37,0
4.0,0.37,0
4.0,0.37,0
4.0,0.37,0
4.0,0.37,0
4.0,0.37,0
4.0,0.37,0
4.0,0.37,0
4.0,0.37,0
4.0,0.37,0
4.0,0.37,0
4.0,0.37,0
4.0,0.37,0
4.0,0.38,0
4.0,0.38,0
4.0,0.38,0
4.0,0.38,0
4.0,0.38,0
4.0,0.38,0
4.0,0.38,0
4.0,0.38,0
4.0,0.38,0
4.0,0.38,0
4.0,0.38,0
4.0,0.38,0
4.0,0.38,0
4.0,0.38,0
4.0,0.38,0
4.0,0.38,0
4.0,0.38,0
4.0,0.38,0
4.0,0.38,0
4.0,0.38,0
4.0,0.38,0
4.0,0.38,0
4.0,0.38,0
4.0,0.38,0
4.0,0.38,0
4.0,0.38,0
4.0,0.38,0
4.0,0.38,0
4.0,0.38,0
4.0,0.38,0
4.0,0.38,0
4.0,0.38,0
4.0,0.38,0
4.0,0.38,0
4.0,0.38,0
4.0,0.38,0
4.0,0.38,0
4.0,0.38,1
4.0,0.38,0
4.0,0.38,0
4.0,0.38,0
4.0,0.38,0
4.0,0.38,0
4.0,0.38,0
4.0,0.38,0
4.0,0.38,0
4.0,0.38,0
4.0,0.38,0
4.0,0.38,0
4.0,0.38,0
4.0,0.38,0
4.0,0.38,0
4.0,0.38,0
4.0,0.38,0
4.0,0.38,0
4.0,0.38,0
4.0,0.38,0
4.0,0.38,0
4.0,0.38,0
4.0,0.38,0
4.0,0.38,1
4.0,0.38,0
4.0,0.38,0
4.0,0.38,0
4.0,0.38,0
4.0,0.38,0
4.0,0.38,0
4.0,0.38,0
4.0,0.38,0
4.0,0.38,0
4.0,0.38,0
4.0,0.38,0
4.0,0.38,0
4.0,0.38,0
4.0,0.38,0
4.0,0.38,0
4.0,0.38,0
4.0,0.38,0
4.0,0.38,0
4.0,0.38,0
4.0,0.38,0
4.0,0.38,0
4.0,0.38,0
4.0,0.38,0
4.0,0.38,0
4.0,0.38,0
4.0,0.38,0
4.0,0.38,0
4.0,0.38,0
4.0,0.38,0
4.0,0.38,0
4.0,0.38,0
4.0,0.38,0
4.0,0.38,0
4.0,0.38,0
4.0,0.38,0
4.0,0.38,0
4.0,0.38,0
4.0,0.38,0
4.0,0.38,0
4.0,0.38,0
4.0,0.38,0
4.0,0.38,1
4.0,0.38,0
4.0,0.38,0
4.0,0.38,0
4.0,0.38,0
4.0,0.38,0
4.0,0.38,0
4.0,0.38,0
4.0,0.38,0
4.0,0.38,0
4.0,0.38,0
4.0,0.38,0
4.0,0.38,0
4.0,0.38,0
4.0,0.38,0
4.0,0.38,0
4.0,0.38,0
4.0,0.38,0
4.0,0.38,0
4.0,0.38,0
4.0,0.38,0
4.0,0.38,0
4.0,0.38,0
4.0,0.38,0
4.0,0.38,0
4.0,0.38,0
4.0,0.38,0
4.0,0.38,0
4.0,0.38,0
4.0,0.38,0
4.0,0.38,0
4.0,0.38,0
4.0,0.38,0
4.0,0.38,0
4.0,0.38,0
4.0,0.38,0
4.0,0.38,0
4.0,0.38,0
4.0,0.38,0
4.0,0.38,0
4.0,0.38,0
4.0,0.38,0
4.0,0.38,0
4.0,0.38,0
4.0,0.38,0
4.0,0.38,0
4.0,0.38,0
4.0,0.38,0
4.0,0.38,0
4.0,0.38,0
4.0,0.39,0
4.0,0.39,0
4.0,0.39,0
4.0,0.39,0
4.0,0.39,0
4.0,0.39,0
4.0,0.39,0
4.0,0.39,0
4.0,0.39,0
4.0,0.39,0
4.0,0.39,0
4.0,0.39,0
4.0,0.39,0
4.0,0.39,0
4.0,0.39,0
4.0,0.39,0
4.0,0.39,0
4.0,0.39,0
4.0,0.39,0
4.0,0.39,0
4.0,0.39,0
4.0,0.39,0
4.0,0.39,0
4.0,0.39,0
4.0,0.39,0
4.0,0.39,0
4.0,0.39,0
4.0,0.39,0
4.0,0.39,0
4.0,0.39,0
4.0,0.39,0
4.0,0.39,0
4.0,0.39,0
4.0,0.39,0
4.0,0.39,0
4.0,0.39,0
4.0,0.39,0
4.0,0.39,0
4.0,0.39,0
4.0,0.39,0
4.0,0.39,0
4.0,0.39,0
4.0,0.39,0
4.0,0.39,0
4.0,0.39,0
4.0,0.39,0
4.0,0.39,0
4.0,0.39,0
4.0,0.39,0
4.0,0.39,0
4.0,0.39,0
4.0,0.39,0
4.0,0.39,0
4.0,0.39,0
4.0,0.39,0
4.0,0.39,0
4.0,0.39,0
4.0,0.39,0
4.0,0.39,0
4.0,0.39,0
4.0,0.39,0
4.0,0.39,0
4.0,0.39,0
4.0,0.39,0
4.0,0.39,0
4.0,0.39,0
4.0,0.39,0
4.0,0.39,0
4.0,0.39,0
4.0,0.39,0
4.0,0.39,0
4.0,0.39,0
4.0,0.39,0
4.0,0.39,0
4.0,0.39,1
4.0,0.39,0
4.0,0.39,0
4.0,0.39,0
4.0,0.39,0
4.0,0.39,0
4.0,0.39,0
4.0,0.39,0
4.0,0.39,0
4.0,0.39,0
4.0,0.39,0
4.0,0.39,0
4.0,0.39,0
4.0,0.39,0
4.0,0.39,0
4.0,0.39,0
4.0,0.39,0
4.0,0.39,0
4.0,0.39,0
4.0,0.39,0
4.0,0.39,0
4.0,0.39,0
4.0,0.39,0
4.0,0.39,0
4.0,0.39,0
4.0,0.39,0
4.0,0.39,0
4.0,0.39,0
4.0,0.39,0
4.0,0.39,0
4.0,0.39,0
4.0,0.39,0
4.0,0.39,0
4.0,0.39,0
4.0,0.39,0
4.0,0.39,0
4.0,0.39,0
4.0,0.39,0
4.0,0.39,0
4.0,0.39,0
4.0,0.39,0
4.0,0.39,0
4.0,0.39,0
4.0,0.39,0
4.0,0.39,0
4.0,0.39,0
4.0,0.39,1
4.0,0.39,0
4.0,0.39,0
4.0,0.39,0
4.0,0.39,0
4.0,0.39,0
4.0,0.39,0
4.0,0.39,0
4.0,0.39,0
4.0,0.39,0
4.0,0.39,0
4.0,0.39,0
4.0,0.39,0
4.0,0.39,0
4.0,0.39,0
4.0,0.39,0
4.0,0.39,0
4.0,0.39,0
4.0,0.39,0
4.0,0.39,0
4.0,0.39,0
4.0,0.39,0
4.0,0.39,0
4.0,0.39,0
4.0,0.39,0
4.0,0.39,0
4.0,0.39,0
4.0,0.39,0
4.0,0.39,0
4.0,0.39,0
4.0,0.39,0
4.0,0.39,0
4.0,0.39,0
4.0,0.39,0
4.0,0.39,0
4.0,0.39,0
4.0,0.39,0
4.0,0.39,0
4.0,0.39,0
4.0,0.39,0
4.0,0.39,0
4.0,0.39,0
4.0,0.39,0
4.0,0.39,0
4.0,0.39,0
4.0,0.39,0
4.0,0.39,0
4.0,0.39,0
4.0,0.39,0
4.0,0.4,0
4.0,0.4,0
4.0,0.4,0
4.0,0.4,0
4.0,0.4,0
4.0,0.4,0
4.0,0.4,0
4.0,0.4,0
4.0,0.4,0
4.0,0.4,0
4.0,0.4,0
4.0,0.4,0
4.0,0.4,0
4.0,0.4,0
4.0,0.4,0
4.0,0.4,0
4.0,0.4,0
4.0,0.4,0
4.0,0.4,0
4.0,0.4,0
4.0,0.4,0
4.0,0.4,0
4.0,0.4,0
4.0,0.4,0
4.0,0.4,0
4.0,0.4,0
4.0,0.4,0
4.0,0.4,0
4.0,0.4,0
4.0,0.4,0
4.0,0.4,0
4.0,0.4,0
4.0,0.4,0
4.0,0.4,0
4.0,0.4,0
4.0,0.4,0
4.0,0.4,0
4.0,0.4,0
4.0,0.4,0
4.0,0.4,0
4.0,0.4,0
4.0,0.4,0
4.0,0.4,0
4.0,0.4,0
4.0,0.4,0
4.0,0.4,0
4.0,0.4,0
4.0,0.4,0
4.0,0.4,0
4.0,0.4,0
4.0,0.4,0
4.0,0.4,0
4.0,0.4,0
4.0,0.4,0
4.0,0.4,0
4.0,0.4,0
4.0,0.4,0
4.0,0.4,0
4.0,0.4,0
4.0,0.4,0
4.0,0.41,0
4.0,0.41,0
4.0,0.41,0
4.0,0.41,0
4.0,0.41,0
4.0,0.41,0
4.0,0.41,0
4.0,0.41,0
4.0,0.41,0
4.0,0.41,0
4.0,0.41,1
4.0,0.41,0
4.0,0.41,0
4.0,0.41,0
4.0,0.41,0
4.0,0.41,0
4.0,0.41,0
4.0,0.41,0
4.0,0.41,0
4.0,0.41,0
4.0,0.41,0
4.0,0.41,0
4.0,0.41,0
4.0,0.41,0
4.0,0.41,0
4.0,0.41,0
4.0,0.41,0
4.0,0.41,0
4.0,0.41,0
4.0,0.41,0
4.0,0.41,0
4.0,0.41,0
4.0,0.41,0
4.0,0.41,0
4.0,0.41,0
4.0,0.41,0
4.0,0.41,0
4.0,0.41,0
4.0,0.41,0
4.0,0.41,0
4.0,0.41,0
4.0,0.41,0
4.0,0.41,0
4.0,0.41,0
4.0,0.41,0
4.0,0.41,0
4.0,0.41,0
4.0,0.41,0
4.0,0.41,0
4.0,0.41,0
4.0,0.41,0
4.0,0.41,0
4.0,0.41,0
4.0,0.41,0
4.0,0.41,0
4.0,0.41,0
4.0,0.41,0
4.0,0.41,0
4.0,0.41,0
4.0,0.41,0
4.0,0.41,0
4.0,0.41,0
4.0,0.41,0
4.0,0.41,0
4.0,0.41,0
4.0,0.41,0
4.0,0.41,0
4.0,0.41,0
4.0,0.41,0
4.0,0.41,0
4.0,0.41,0
4.0,0.41,0
4.0,0.41,0
4.0,0.41,0
4.0,0.41,0
4.0,0.41,0
4.0,0.41,0
4.0,0.41,0
4.0,0.41,0
4.0,0.41,0
4.0,0.41,0
4.0,0.41,1
4.0,0.41,0
4.0,0.41,0
4.0,0.41,0
4.0,0.41,0
4.0,0.41,0
4.0,0.41,0
4.0,0.41,0
4.0,0.41,0
4.0,0.41,0
4.0,0.41,0
4.0,0.41,0
4.0,0.41,0
4.0,0.41,0
4.0,0.41,0
4.0,0.41,0
4.0,0.41,0
4.0,0.41,0
4.0,0.41,0
4.0,0.41,0
4.0,0.41,0
4.0,0.41,0
4.0,0.41,0
4.0,0.41,0
4.0,0.41,0
4.0,0.41,0
4.0,0.41,0
4.0,0.41,0
4.0,0.41,0
4.0,0.41,0
4.0,0.41,0
4.0,0.41,0
4.0,0.41,0
4.0,0.41,0
4.0,0.41,0
4.0,0.41,0
4.0,0.41,0
4.0,0.41,0
4.0,0.41,0
4.0,0.41,0
4.0,0.41,0
4.0,0.41,0
4.0,0.41,0
4.0,0.41,0
4.0,0.41,0
4.0,0.41,0
4.0,0.42,0
4.0,0.42,0
4.0,0.42,0
4.0,0.42,0
4.0,0.42,0
4.0,0.42,0
4.0,0.42,0
4.0,0.42,0
4.0,0.42,0
4.0,0.42,0
4.0,0.42,0
4.0,0.42,0
4.0,0.42,0
4.0,0.42,0
4.0,0.42,0
4.0,0.42,0
4.0,0.42,0
4.0,0.42,0
4.0,0.42,0
4.0,0.42,0
4.0,0.42,0
4.0,0.42,0
4.0,0.42,0
4.0,0.42,0
4.0,0.42,0
4.0,0.42,0
4.0,0.42,0
4.0,0.42,0
4.0,0.42,0
4.0,0.42,0
4.0,0.42,0
4.0,0.42,0
4.0,0.42,0
4.0,0.42,0
4.0,0.42,0
4.0,0.42,0
4.0,0.42,0
4.0,0.42,0
4.0,0.42,0
4.0,0.42,0
4.0,0.42,0
4.0,0.42,0
4.0,0.42,0
4.0,0.42,0
4.0,0.42,0
4.0,0.42,0
4.0,0.42,0
4.0,0.42,0
4.0,0.42,1
4.0,0.42,0
4.0,0.42,0
4.0,0.42,0
4.0,0.42,0
4.0,0.42,0
4.0,0.42,0
4.0,0.42,0
4.0,0.42,0
4.0,0.42,0
4.0,0.42,0
4.0,0.42,0
4.0,0.42,0
4.0,0.42,0
4.0,0.42,0
4.0,0.42,0
4.0,0.42,0
4.0,0.42,0
4.0,0.42,0
4.0,0.42,0
4.0,0.42,0
4.0,0.42,0
4.0,0.42,0
4.0,0.42,0
4.0,0.42,1
4.0,0.42,0
4.0,0.42,0
4.0,0.42,0
4.0,0.42,0
4.0,0.42,0
4.0,0.42,0
4.0,0.42,0
4.0,0.42,0
4.0,0.42,0
4.0,0.42,0
4.0,0.42,0
4.0,0.42,0
4.0,0.42,0
4.0,0.42,0
4.0,0.42,0
4.0,0.42,0
4.0,0.42,0
4.0,0.42,0
4.0,0.42,0
4.0,0.42,0
4.0,0.42,0
4.0,0.42,0
4.0,0.42,0
4.0,0.42,0
4.0,0.43,0
4.0,0.43,0
4.0,0.43,0
4.0,0.43,1
4.0,0.43,0
4.0,0.43,0
4.0,0.43,0
4.0,0.43,0
4.0,0.43,0
4.0,0.43,0
4.0,0.43,0
4.0,0.43,0
4.0,0.43,0
4.0,0.43,0
4.0,0.43,1
4.0,0.43,0
4.0,0.43,0
4.0,0.43,0
4.0,0.43,0
4.0,0.43,0
4.0,0.43,0
4.0,0.43,0
4.0,0.43,0
4.0,0.43,0
4.0,0.43,0
4.0,0.43,1
4.0,0.44,0
4.0,0.44,0
4.0,0.44,0
4.0,0.44,0
4.0,0.44,0
4.0,0.44,0
4.0,0.44,0
4.0,0.44,0
4.0,0.44,0
4.0,0.44,0
4.0,0.44,0
4.0,0.44,0
4.0,0.44,0
4.0,0.44,0
4.0,0.44,0
4.0,0.44,0
4.0,0.44,0
4.0,0.44,0
4.0,0.44,0
4.0,0.44,0
4.0,0.44,0
4.0,0.44,0
4.0,0.44,0
4.0,0.44,0
4.0,0.44,0
4.0,0.44,0
4.0,0.44,0
4.0,0.44,0
4.0,0.44,0
4.0,0.44,0
4.0,0.44,0
4.0,0.44,0
4.0,0.44,0
4.0,0.44,0
4.0,0.44,0
4.0,0.44,0
4.0,0.44,0
4.0,0.44,0
4.0,0.44,0
4.0,0.44,0
4.0,0.44,0
4.0,0.44,0
4.0,0.44,0
4.0,0.44,0
4.0,0.44,0
4.0,0.44,0
4.0,0.44,1
4.0,0.44,0
4.0,0.44,0
4.0,0.44,0
4.0,0.44,0
4.0,0.44,0
4.0,0.44,0
4.0,0.44,0
4.0,0.44,0
4.0,0.44,0
4.0,0.44,0
4.0,0.44,0
4.0,0.44,0
4.0,0.45,0
4.0,0.45,0
4.0,0.45,0
4.0,0.45,0
4.0,0.45,0
4.0,0.45,0
4.0,0.45,0
4.0,0.45,0
4.0,0.45,0
4.0,0.45,0
4.0,0.45,0
4.0,0.45,0
4.0,0.45,0
4.0,0.45,0
4.0,0.45,0
4.0,0.45,0
4.0,0.45,0
4.0,0.45,0
4.0,0.45,0
4.0,0.45,0
4.0,0.45,0
4.0,0.45,0
4.0,0.45,0
4.0,0.45,0
4.0,0.45,0
4.0,0.45,0
4.0,0.45,0
4.0,0.45,0
4.0,0.45,0
4.0,0.45,0
4.0,0.45,0
4.0,0.45,0
4.0,0.45,0
4.0,0.45,0
4.0,0.45,0
4.0,0.45,0
4.0,0.45,0
4.0,0.45,0
4.0,0.45,0
4.0,0.45,0
4.0,0.45,0
4.0,0.45,0
4.0,0.45,0
4.0,0.45,0
4.0,0.45,0
4.0,0.45,0
4.0,0.45,0
4.0,0.45,0
4.0,0.45,0
4.0,0.45,0
4.0,0.45,0
4.0,0.45,0
4.0,0.45,0
4.0,0.45,0
4.0,0.45,0
4.0,0.45,0
4.0,0.45,0
4.0,0.45,0
4.0,0.45,0
4.0,0.46,0
4.0,0.46,0
4.0,0.46,0
4.0,0.46,0
4.0,0.46,0
4.0,0.46,0
4.0,0.46,0
4.0,0.46,0
4.0,0.46,0
4.0,0.46,0
4.0,0.46,0
4.0,0.46,0
4.0,0.46,0
4.0,0.46,0
4.0,0.46,0
4.0,0.46,0
4.0,0.46,0
4.0,0.46,0
4.0,0.46,0
4.0,0.46,0
4.0,0.46,0
4.0,0.46,0
4.0,0.46,0
4.0,0.46,0
4.0,0.46,0
4.0,0.46,0
4.0,0.46,0
4.0,0.46,0
4.0,0.46,0
4.0,0.46,0
4.0,0.46,0
4.0,0.46,0
4.0,0.46,0
4.0,0.46,0
4.0,0.46,0
4.0,0.46,0
4.0,0.46,0
4.0,0.46,0
4.0,0.46,0
4.0,0.46,0
4.0,0.46,0
4.0,0.46,0
4.0,0.46,0
4.0,0.46,0
4.0,0.46,0
4.0,0.46,0
4.0,0.46,0
4.0,0.46,0
4.0,0.46,0
4.0,0.46,0
4.0,0.46,0
4.0,0.46,0
4.0,0.46,0
4.0,0.46,0
4.0,0.46,0
4.0,0.46,0
4.0,0.46,0
4.0,0.46,0
4.0,0.47,0
4.0,0.47,0
4.0,0.47,0
4.0,0.47,0
4.0,0.47,0
4.0,0.47,0
4.0,0.47,0
4.0,0.47,0
4.0,0.47,0
4.0,0.47,0
4.0,0.47,0
4.0,0.47,0
4.0,0.47,0
4.0,0.47,0
4.0,0.47,0
4.0,0.47,0
4.0,0.47,0
4.0,0.47,0
4.0,0.47,0
4.0,0.47,0
4.0,0.47,0
4.0,0.47,0
4.0,0.47,0
4.0,0.47,0
4.0,0.47,0
4.0,0.47,0
4.0,0.47,0
4.0,0.47,0
4.0,0.47,0
4.0,0.47,0
4.0,0.47,0
4.0,0.47,0
4.0,0.47,0
4.0,0.47,0
4.0,0.47,0
4.0,0.47,0
4.0,0.47,0
4.0,0.47,0
4.0,0.47,0
4.0,0.47,0
4.0,0.47,0
4.0,0.47,0
4.0,0.47,0
4.0,0.47,0
4.0,0.47,0
4.0,0.47,0
4.0,0.47,0
4.0,0.48,0
4.0,0.48,0
4.0,0.48,0
4.0,0.48,0
4.0,0.48,0
4.0,0.48,0
4.0,0.48,0
4.0,0.48,0
4.0,0.48,0
4.0,0.48,0
4.0,0.48,0
4.0,0.48,1
4.0,0.48,0
4.0,0.48,0
4.0,0.48,0
5.0,0.34,0
5.0,0.34,0
5.0,0.34,0
5.0,0.34,0
5.0,0.34,0
5.0,0.34,0
5.0,0.34,0
5.0,0.34,0
5.0,0.34,0
5.0,0.34,0
5.0,0.34,0
5.0,0.34,0
5.0,0.34,0
5.0,0.34,0
5.0,0.34,0
5.0,0.34,0
5.0,0.34,0
5.0,0.34,0
5.0,0.34,0
5.0,0.34,0
5.0,0.34,0
5.0,0.34,0
5.0,0.34,0
5.0,0.34,0
5.0,0.34,0
5.0,0.34,0
5.0,0.34,0
5.0,0.34,0
5.0,0.34,0
5.0,0.34,0
5.0,0.34,0
5.0,0.34,0
5.0,0.34,0
5.0,0.34,0
5.0,0.34,0
5.0,0.34,0
5.0,0.34,0
5.0,0.34,0
5.0,0.34,0
5.0,0.34,0
5.0,0.34,0
5.0,0.34,0
5.0,0.34,0
5.0,0.34,0
5.0,0.34,0
5.0,0.34,0
5.0,0.34,0
5.0,0.34,0
5.0,0.34,0
5.0,0.34,0
5.0,0.34,0
5.0,0.34,0
5.0,0.34,0
5.0,0.34,0
5.0,0.34,0
5.0,0.34,0
5.0,0.34,0
5.0,0.34,0
5.0,0.34,0
5.0,0.34,0
5.0,0.34,0
5.0,0.34,0
5.0,0.34,0
5.0,0.35,0
5.0,0.35,0
5.0,0.35,1
5.0,0.35,0
5.0,0.35,0
5.0,0.35,1
5.0,0.35,0
5.0,0.35,1
5.0,0.35,0
5.0,0.35,0
5.0,0.35,0
5.0,0.35,0
5.0,0.35,0
5.0,0.35,0
5.0,0.35,1
5.0,0.35,0
5.0,0.35,0
5.0,0.35,0
5.0,0.35,0
5.0,0.35,1
5.0,0.35,0
5.0,0.35,1
5.0,0.35,0
5.0,0.35,0
5.0,0.35,0
5.0,0.35,0
5.0,0.35,0
5.0,0.35,0
5.0,0.35,0
5.0,0.35,0
5.0,0.35,0
5.0,0.35,0
5.0,0.35,0
5.0,0.35,0
5.0,0.36,0
5.0,0.36,0
5.0,0.36,0
5.0,0.36,0
5.0,0.36,0
5.0,0.36,0
5.0,0.36,0
5.0,0.36,0
5.0,0.36,0
5.0,0.36,0
5.0,0.36,0
5.0,0.36,0
5.0,0.36,0
5.0,0.36,0
5.0,0.36,0
5.0,0.36,0
5.0,0.36,0
5.0,0.36,0
5.0,0.36,1
5.0,0.36,0
5.0,0.36,0
5.0,0.36,0
5.0,0.36,0
5.0,0.36,0
5.0,0.36,0
5.0,0.36,0
5.0,0.36,0
5.0,0.36,0
5.0,0.36,0
5.0,0.36,0
5.0,0.36,0
5.0,0.36,0
5.0,0.36,0
5.0,0.36,0
5.0,0.36,0
5.0,0.36,0
5.0,0.36,0
5.0,0.36,0
5.0,0.36,0
5.0,0.36,0
5.0,0.36,0
5.0,0.36,0
5.0,0.36,0
5.0,0.36,0
5.0,0.36,0
5.0,0.36,0
5.0,0.36,0
5.0,0.36,0
5.0,0.36,0
5.0,0.36,0
5.0,0.36,0
5.0,0.36,0
5.0,0.36,0
5.0,0.36,0
5.0,0.36,0
5.0,0.36,0
5.0,0.37,0
5.0,0.37,0
5.0,0.37,0
5.0,0.37,0
5.0,0.37,0
5.0,0.37,0
5.0,0.37,0
5.0,0.37,0
5.0,0.37,0
5.0,0.37,0
5.0,0.37,0
5.0,0.37,0
5.0,0.37,0
5.0,0.37,0
5.0,0.37,0
5.0,0.37,0
5.0,0.37,0
5.0,0.37,0
5.0,0.37,0
5.0,0.37,0
5.0,0.37,0
5.0,0.37,0
5.0,0.37,0
5.0,0.37,0
5.0,0.37,0
5.0,0.37,0
5.0,0.37,0
5.0,0.37,0
5.0,0.37,0
5.0,0.37,0
5.0,0.37,0
5.0,0.37,0
5.0,0.37,0
5.0,0.37,0
5.0,0.37,0
5.0,0.37,0
5.0,0.37,0
5.0,0.37,0
5.0,0.37,0
5.0,0.37,0
5.0,0.37,0
5.0,0.37,0
5.0,0.37,0
5.0,0.37,0
5.0,0.37,0
5.0,0.37,0
5.0,0.37,0
5.0,0.37,0
5.0,0.37,0
5.0,0.37,0
5.0,0.37,0
5.0,0.37,0
5.0,0.37,0
5.0,0.37,1
5.0,0.37,0
5.0,0.37,0
5.0,0.37,0
5.0,0.37,0
5.0,0.37,0
5.0,0.37,0
5.0,0.37,0
5.0,0.37,0
5.0,0.37,0
5.0,0.37,0
5.0,0.37,0
5.0,0.37,0
5.0,0.37,0
5.0,0.37,0
5.0,0.37,0
5.0,0.37,0
5.0,0.37,0
5.0,0.37,0
5.0,0.37,0
5.0,0.37,0
5.0,0.37,0
5.0,0.37,0
5.0,0.37,0
5.0,0.37,0
5.0,0.37,0
5.0,0.37,0
5.0,0.37,0
5.0,0.37,0
5.0,0.37,0
5.0,0.37,0
5.0,0.38,0
5.0,0.38,0
5.0,0.38,0
5.0,0.38,0
5.0,0.38,0
5.0,0.38,0
5.0,0.38,0
5.0,0.38,0
5.0,0.38,0
5.0,0.38,0
5.0,0.38,0
5.0,0.38,0
5.0,0.38,0
5.0,0.38,0
5.0,0.38,0
5.0,0.38,0
5.0,0.38,0
5.0,0.38,0
5.0,0.38,0
5.0,0.38,0
5.0,0.38,0
5.0,0.38,0
5.0,0.38,0
5.0,0.38,0
5.0,0.38,0
5.0,0.38,0
5.0,0.38,0
5.0,0.38,0
5.0,0.38,0
5.0,0.38,0
5.0,0.38,0
5.0,0.38,0
5.0,0.38,0
5.0,0.38,0
5.0,0.38,0
5.0,0.38,0
5.0,0.38,0
5.0,0.38,0
5.0,0.38,0
5.0,0.38,0
5.0,0.38,0
5.0,0.38,0
5.0,0.38,0
5.0,0.38,0
5.0,0.38,0
5.0,0.38,0
5.0,0.38,0
5.0,0.38,0
5.0,0.38,0
5.0,0.38,0
5.0,0.38,0
5.0,0.38,0
5.0,0.38,0
5.0,0.38,0
5.0,0.38,0
5.0,0.38,0
5.0,0.38,0
5.0,0.38,0
5.0,0.38,0
5.0,0.38,0
5.0,0.38,0
5.0,0.38,0
5.0,0.38,0
5.0,0.38,0
5.0,0.38,0
5.0,0.38,0
5.0,0.38,0
5.0,0.38,0
5.0,0.38,0
5.0,0.38,0
5.0,0.38,0
5.0,0.38,0
5.0,0.38,0
5.0,0.38,0
5.0,0.38,0
5.0,0.38,0
5.0,0.38,0
5.0,0.38,0
5.0,0.38,0
5.0,0.38,0
5.0,0.38,0
5.0,0.38,0
5.0,0.38,0
5.0,0.39,0
5.0,0.39,0
5.0,0.39,0
5.0,0.39,0
5.0,0.39,0
5.0,0.39,0
5.0,0.39,0
5.0,0.39,0
5.0,0.39,0
5.0,0.39,0
5.0,0.39,0
5.0,0.39,0
5.0,0.39,0
5.0,0.39,0
5.0,0.39,0
5.0,0.39,0
5.0,0.39,0
5.0,0.39,0
5.0,0.39,0
5.0,0.39,0
5.0,0.39,0
5.0,0.39,0
5.0,0.39,0
5.0,0.39,0
5.0,0.39,0
5.0,0.39,0
5.0,0.39,0
5.0,0.39,0
5.0,0.39,0
5.0,0.39,0
5.0,0.39,0
5.0,0.39,0
5.0,0.39,0
5.0,0.39,0
5.0,0.39,0
5.0,0.39,0
5.0,0.39,0
5.0,0.39,0
5.0,0.39,0
5.0,0.39,0
5.0,0.39,0
5.0,0.39,0
5.0,0.39,0
5.0,0.39,0
5.0,0.39,0
5.0,0.39,0
5.0,0.39,0
5.0,0.39,0
5.0,0.39,0
5.0,0.39,0
5.0,0.39,0
5.0,0.39,0
5.0,0.39,0
5.0,0.39,0
5.0,0.39,0
5.0,0.39,0
5.0,0.39,0
5.0,0.39,0
5.0,0.39,0
5.0,0.39,0
5.0,0.39,0
5.0,0.39,0
5.0,0.39,0
5.0,0.39,0
5.0,0.39,0
5.0,0.39,0
5.0,0.39,0
5.0,0.39,0
5.0,0.39,0
5.0,0.39,0
5.0,0.39,0
5.0,0.39,0
5.0,0.39,0
5.0,0.39,0
5.0,0.39,0
5.0,0.39,0
5.0,0.39,0
5.0,0.39,0
5.0,0.39,0
5.0,0.39,0
5.0,0.39,0
5.0,0.39,0
5.0,0.39,0
5.0,0.39,0
5.0,0.39,0
5.0,0.39,0
5.0,0.39,0
5.0,0.39,0
5.0,0.39,0
5.0,0.39,0
5.0,0.39,0
5.0,0.39,0
5.0,0.39,0
5.0,0.39,0
5.0,0.39,0
5.0,0.39,0
5.0,0.39,0
5.0,0.39,0
5.0,0.39,0
5.0,0.39,0
5.0,0.39,0
5.0,0.39,0
5.0,0.39,0
5.0,0.39,0
5.0,0.39,0
5.0,0.39,0
5.0,0.39,0
5.0,0.39,0
5.0,0.39,0
5.0,0.39,0
5.0,0.39,0
5.0,0.39,0
5.0,0.39,0
5.0,0.39,0
5.0,0.39,0
5.0,0.39,0
5.0,0.39,0
5.0,0.39,0
5.0,0.39,0
5.0,0.39,0
5.0,0.39,0
5.0,0.39,0
5.0,0.39,0
5.0,0.39,0
5.0,0.39,0
5.0,0.39,0
5.0,0.39,0
5.0,0.39,0
5.0,0.39,0
5.0,0.39,0
5.0,0.39,0
5.0,0.39,0
5.0,0.39,0
5.0,0.39,0
5.0,0.39,0
5.0,0.39,0
5.0,0.39,0
5.0,0.39,0
5.0,0.39,0
5.0,0.39,0
5.0,0.39,0
5.0,0.39,0
5.0,0.39,0
5.0,0.39,0
5.0,0.39,0
5.0,0.39,0
5.0,0.39,0
5.0,0.39,0
5.0,0.39,0
5.0,0.39,0
5.0,0.39,0
5.0,0.39,0
5.0,0.39,0
5.0,0.39,0
5.0,0.39,0
5.0,0.39,0
5.0,0.39,0
5.0,0.39,0
5.0,0.39,0
5.0,0.39,0
5.0,0.39,0
5.0,0.39,0
5.0,0.39,0
5.0,0.39,0
5.0,0.39,0
5.0,0.39,0
5.0,0.39,0
5.0,0.39,0
5.0,0.39,0
5.0,0.39,0
5.0,0.39,0
5.0,0.39,0
5.0,0.39,0
5.0,0.39,0
5.0,0.39,0
5.0,0.39,0
5.0,0.39,0
5.0,0.39,0
5.0,0.39,0
5.0,0.39,0
5.0,0.39,0
5.0,0.39,0
5.0,0.4,0
5.0,0.4,0
5.0,0.4,0
5.0,0.4,0
5.0,0.4,0
5.0,0.4,0
5.0,0.4,0
5.0,0.4,0
5.0,0.4,0
5.0,0.4,0
5.0,0.4,0
5.0,0.4,0
5.0,0.4,0
5.0,0.4,0
5.0,0.4,0
5.0,0.4,0
5.0,0.4,0
5.0,0.4,0
5.0,0.4,0
5.0,0.4,0
5.0,0.4,0
5.0,0.4,0
5.0,0.4,0
5.0,0.4,0
5.0,0.4,0
5.0,0.4,0
5.0,0.4,0
5.0,0.4,0
5.0,0.4,0
5.0,0.4,0
5.0,0.4,0
5.0,0.4,0
5.0,0.4,0
5.0,0.4,0
5.0,0.4,0
5.0,0.4,0
5.0,0.4,0
5.0,0.4,0
5.0,0.4,0
5.0,0.4,0
5.0,0.4,0
5.0,0.4,0
5.0,0.4,0
5.0,0.4,0
5.0,0.4,0
5.0,0.4,0
5.0,0.4,0
5.0,0.4,0
5.0,0.4,0
5.0,0.4,0
5.0,0.4,0
5.0,0.4,0
5.0,0.4,0
5.0,0.4,0
5.0,0.4,0
5.0,0.4,0
5.0,0.4,0
5.0,0.4,0
5.0,0.4,0
5.0,0.4,0
5.0,0.4,0
5.0,0.4,0
5.0,0.4,0
5.0,0.4,0
5.0,0.4,0
5.0,0.4,0
5.0,0.4,0
5.0,0.4,0
5.0,0.4,0
5.0,0.4,0
5.0,0.4,0
5.0,0.4,0
5.0,0.4,0
5.0,0.4,0
5.0,0.4,0
5.0,0.4,0
5.0,0.4,0
5.0,0.4,0
5.0,0.4,1
5.0,0.4,0
5.0,0.4,0
5.0,0.4,0
5.0,0.4,0
5.0,0.4,0
5.0,0.4,0
5.0,0.4,0
5.0,0.4,0
5.0,0.4,0
5.0,0.4,0
5.0,0.4,0
5.0,0.4,0
5.0,0.4,0
5.0,0.4,0
5.0,0.4,0
5.0,0.4,0
5.0,0.4,0
5.0,0.4,0
5.0,0.4,0
5.0,0.4,0
5.0,0.4,0
5.0,0.4,0
5.0,0.4,0
5.0,0.4,0
5.0,0.4,0
5.0,0.4,0
5.0,0.4,0
5.0,0.4,0
5.0,0.4,0
5.0,0.4,0
5.0,0.4,0
5.0,0.4,0
5.0,0.4,0
5.0,0.4,0
5.0,0.4,0
5.0,0.4,0
5.0,0.4,0
5.0,0.4,0
5.0,0.4,0
5.0,0.4,0
5.0,0.4,0
5.0,0.4,0
5.0,0.4,0
5.0,0.4,0
5.0,0.4,0
5.0,0.4,0
5.0,0.4,0
5.0,0.4,0
5.0,0.4,0
5.0,0.4,0
5.0,0.4,0
5.0,0.4,0
5.0,0.4,0
5.0,0.4,0
5.0,0.4,0
5.0,0.4,0
5.0,0.4,0
5.0,0.4,0
5.0,0.4,0
5.0,0.4,0
5.0,0.4,0
5.0,0.4,0
5.0,0.4,0
5.0,0.4,0
5.0,0.4,0
5.0,0.4,0
5.0,0.4,0
5.0,0.4,0
5.0,0.4,0
5.0,0.4,0
5.0,0.4,0
5.0,0.4,0
5.0,0.4,0
5.0,0.4,0
5.0,0.4,0
5.0,0.4,0
5.0,0.4,0
5.0,0.4,0
5.0,0.4,0
5.0,0.4,0
5.0,0.4,0
5.0,0.4,0
5.0,0.4,0
5.0,0.4,0
5.0,0.4,0
5.0,0.4,0
5.0,0.4,0
5.0,0.4,0
5.0,0.4,0
5.0,0.4,0
5.0,0.4,0
5.0,0.4,0
5.0,0.4,0
5.0,0.4,1
5.0,0.4,0
5.0,0.4,0
5.0,0.41,0
5.0,0.41,0
5.0,0.41,0
5.0,0.41,0
5.0,0.41,1
5.0,0.41,0
5.0,0.41,0
5.0,0.41,0
5.0,0.41,0
5.0,0.41,1
5.0,0.41,0
5.0,0.41,0
5.0,0.41,0
5.0,0.41,0
5.0,0.41,0
5.0,0.41,0
5.0,0.41,0
5.0,0.41,0
5.0,0.41,0
5.0,0.41,0
5.0,0.41,0
5.0,0.41,0
5.0,0.41,0
5.0,0.41,0
5.0,0.41,0
5.0,0.41,0
5.0,0.41,0
5.0,0.41,0
5.0,0.41,0
5.0,0.41,0
5.0,0.41,0
5.0,0.41,0
5.0,0.41,0
5.0,0.41,1
5.0,0.41,0
5.0,0.41,0
5.0,0.41,0
5.0,0.41,0
5.0,0.41,0
5.0,0.41,0
5.0,0.41,0
5.0,0.41,0
5.0,0.41,0
5.0,0.41,0
5.0,0.41,0
5.0,0.41,1
5.0,0.41,0
5.0,0.41,0
5.0,0.41,0
5.0,0.41,0
5.0,0.41,0
5.0,0.41,0
5.0,0.41,0
5.0,0.41,0
5.0,0.41,0
5.0,0.41,0
5.0,0.41,0
5.0,0.41,0
5.0,0.41,0
5.0,0.41,0
5.0,0.41,0
5.0,0.41,0
5.0,0.41,0
5.0,0.41,0
5.0,0.41,0
5.0,0.41,0
5.0,0.41,0
5.0,0.42,0
5.0,0.42,0
5.0,0.42,0
5.0,0.42,0
5.0,0.42,0
5.0,0.42,0
5.0,0.42,0
5.0,0.42,0
5.0,0.42,0
5.0,0.42,0
5.0,0.42,0
5.0,0.42,0
5.0,0.42,0
5.0,0.42,0
5.0,0.42,0
5.0,0.42,0
5.0,0.42,0
5.0,0.42,0
5.0,0.42,0
5.0,0.42,0
5.0,0.42,0
5.0,0.42,0
5.0,0.42,0
5.0,0.42,0
5.0,0.42,0
5.0,0.42,0
5.0,0.42,0
5.0,0.42,0
5.0,0.42,0
5.0,0.42,0
5.0,0.42,0
5.0,0.42,0
5.0,0.42,0
5.0,0.42,0
5.0,0.42,0
5.0,0.42,0
5.0,0.42,0
5.0,0.42,1
5.0,0.42,0
5.0,0.42,0
5.0,0.42,0
5.0,0.42,0
5.0,0.42,0
5.0,0.42,0
5.0,0.42,0
5.0,0.42,0
5.0,0.42,0
5.0,0.42,0
5.0,0.42,0
5.0,0.42,0
5.0,0.42,0
5.0,0.42,0
5.0,0.42,0
5.0,0.42,0
5.0,0.42,0
5.0,0.42,0
5.0,0.42,0
5.0,0.42,0
5.0,0.42,0
5.0,0.42,0
5.0,0.42,0
5.0,0.42,0
5.0,0.42,0
5.0,0.42,0
5.0,0.42,0
5.0,0.42,0
5.0,0.42,0
5.0,0.42,0
5.0,0.42,0
5.0,0.42,0
5.0,0.42,0
5.0,0.42,0
5.0,0.42,0
5.0,0.42,0
5.0,0.42,0
5.0,0.42,0
5.0,0.42,0
5.0,0.42,0
5.0,0.42,0
5.0,0.42,0
5.0,0.42,0
5.0,0.42,0
5.0,0.42,0
5.0,0.42,0
5.0,0.42,0
5.0,0.42,0
5.0,0.43,0
5.0,0.43,0
5.0,0.43,0
5.0,0.43,0
5.0,0.43,0
5.0,0.43,0
5.0,0.43,0
5.0,0.43,0
5.0,0.43,0
5.0,0.43,0
5.0,0.43,0
5.0,0.43,0
5.0,0.43,0
5.0,0.43,0
5.0,0.43,0
5.0,0.43,0
5.0,0.43,0
5.0,0.43,0
5.0,0.43,0
5.0,0.43,0
5.0,0.43,0
5.0,0.43,0
5.0,0.43,0
5.0,0.43,0
5.0,0.43,0
5.0,0.43,0
5.0,0.43,0
5.0,0.43,0
5.0,0.43,0
5.0,0.43,0
5.0,0.43,0
5.0,0.43,0
5.0,0.43,0
5.0,0.43,0
5.0,0.43,0
5.0,0.43,0
5.0,0.43,0
5.0,0.43,0
5.0,0.43,0
5.0,0.43,0
5.0,0.43,0
5.0,0.43,0
5.0,0.43,0
5.0,0.43,0
5.0,0.43,0
5.0,0.43,0
5.0,0.43,0
5.0,0.43,0
5.0,0.43,0
5.0,0.43,0
5.0,0.43,0
5.0,0.43,0
5.0,0.43,0
5.0,0.44,0
5.0,0.44,0
5.0,0.44,0
5.0,0.44,0
5.0,0.44,0
5.0,0.44,1
5.0,0.44,0
5.0,0.44,0
5.0,0.44,0
5.0,0.44,0
5.0,0.44,0
5.0,0.44,0
5.0,0.44,0
5.0,0.44,0
5.0,0.44,0
5.0,0.44,0
5.0,0.44,0
5.0,0.44,0
5.0,0.44,0
5.0,0.44,0
5.0,0.44,0
5.0,0.44,0
5.0,0.44,0
5.0,0.44,0
5.0,0.44,0
5.0,0.44,0
5.0,0.44,0
5.0,0.44,0
5.0,0.44,0
5.0,0.44,0
5.0,0.44,0
5.0,0.44,0
5.0,0.44,0
5.0,0.44,0
5.0,0.44,0
5.0,0.44,0
5.0,0.44,0
5.0,0.44,0
5.0,0.44,0
5.0,0.44,0
5.0,0.44,0
5.0,0.44,0
5.0,0.44,0
5.0,0.44,0
5.0,0.44,0
5.0,0.44,1
5.0,0.44,0
5.0,0.44,0
5.0,0.44,0
5.0,0.44,0
5.0,0.44,0
5.0,0.44,0
5.0,0.44,0
5.0,0.44,0
5.0,0.44,0
5.0,0.44,0
5.0,0.44,0
5.0,0.44,0
5.0,0.44,0
5.0,0.44,0
5.0,0.44,0
5.0,0.44,0
5.0,0.45,0
5.0,0.45,0
5.0,0.45,0
5.0,0.45,0
5.0,0.45,0
5.0,0.45,0
5.0,0.45,0
5.0,0.45,0
5.0,0.45,0
5.0,0.45,0
5.0,0.45,0
5.0,0.45,0
5.0,0.45,0
5.0,0.45,0
5.0,0.45,0
5.0,0.45,0
5.0,0.45,0
5.0,0.45,0
5.0,0.45,0
5.0,0.45,0
5.0,0.45,0
5.0,0.45,0
5.0,0.45,0
5.0,0.45,0
5.0,0.45,0
5.0,0.45,0
5.0,0.45,0
5.0,0.45,0
5.0,0.45,0
5.0,0.45,0
5.0,0.45,0
5.0,0.45,0
5.0,0.45,0
5.0,0.45,0
5.0,0.45,0
5.0,0.45,0
5.0,0.45,0
5.0,0.45,0
5.0,0.45,0
5.0,0.45,0
5.0,0.45,0
5.0,0.45,0
5.0,0.45,0
5.0,0.45,0
5.0,0.45,0
5.0,0.45,0
5.0,0.45,0
5.0,0.45,0
5.0,0.45,0
5.0,0.45,0
5.0,0.45,0
5.0,0.45,0
5.0,0.45,0
5.0,0.45,0
5.0,0.45,0
5.0,0.45,0
5.0,0.45,0
5.0,0.45,0
5.0,0.45,0
5.0,0.45,0
5.0,0.45,0
5.0,0.45,0
5.0,0.45,0
5.0,0.45,0
5.0,0.45,0
5.0,0.45,0
5.0,0.45,0
5.0,0.46,0
5.0,0.46,0
5.0,0.46,0
5.0,0.46,0
5.0,0.46,0
5.0,0.46,0
5.0,0.46,0
5.0,0.46,0
5.0,0.46,0
5.0,0.46,0
5.0,0.46,0
5.0,0.46,0
5.0,0.46,0
5.0,0.46,0
5.0,0.46,0
5.0,0.46,0
5.0,0.46,0
5.0,0.46,0
5.0,0.46,0
5.0,0.46,0
5.0,0.46,0
5.0,0.46,0
5.0,0.46,0
5.0,0.46,0
5.0,0.46,0
5.0,0.46,0
5.0,0.46,0
5.0,0.46,0
5.0,0.46,0
5.0,0.46,0
5.0,0.46,0
5.0,0.46,0
5.0,0.46,0
5.0,0.46,0
5.0,0.46,0
5.0,0.46,0
5.0,0.46,0
5.0,0.46,0
5.0,0.46,0
5.0,0.46,0
5.0,0.46,0
5.0,0.46,0
5.0,0.46,0
5.0,0.46,0
5.0,0.46,0
5.0,0.46,0
5.0,0.46,0
5.0,0.46,0
5.0,0.46,0
5.0,0.46,0
5.0,0.46,0
5.0,0.46,0
5.0,0.46,0
5.0,0.46,0
5.0,0.46,0
5.0,0.46,0
5.0,0.46,0
5.0,0.46,0
5.0,0.46,0
5.0,0.46,0
5.0,0.46,0
5.0,0.46,0
5.0,0.46,0
5.0,0.46,0
5.0,0.46,0
5.0,0.46,0
5.0,0.46,0
5.0,0.46,0
5.0,0.46,0
5.0,0.46,0
5.0,0.46,0
5.0,0.46,0
5.0,0.46,0
5.0,0.46,0
5.0,0.46,0
5.0,0.46,0
5.0,0.46,0
5.0,0.46,0
5.0,0.46,0
5.0,0.46,0
5.0,0.46,0
5.0,0.46,0
5.0,0.46,0
5.0,0.46,0
5.0,0.46,0
5.0,0.46,0
5.0,0.46,0
5.0,0.46,0
5.0,0.46,0
5.0,0.47,0
5.0,0.47,0
5.0,0.47,0
5.0,0.47,0
5.0,0.47,0
5.0,0.47,0
5.0,0.47,0
5.0,0.48,0
5.0,0.48,0
5.0,0.48,0
5.0,0.48,0
5.0,0.48,0
5.0,0.48,0
5.0,0.48,0
5.0,0.48,0
5.0,0.48,0
5.0,0.48,0
5.0,0.48,0
5.0,0.48,0
5.0,0.48,0
5.0,0.48,0
5.0,0.48,0
5.0,0.48,0
5.0,0.48,0
5.0,0.48,1
5.0,0.48,0
5.0,0.48,0
5.0,0.48,0
5.0,0.48,0
5.0,0.48,0
5.0,0.48,0
5.0,0.48,0
5.0,0.48,0
5.0,0.48,0
5.0,0.48,0
5.0,0.48,0
5.0,0.48,0
5.0,0.48,0
5.0,0.48,0
5.0,0.48,0
5.0,0.48,0
5.0,0.48,0
5.0,0.48,0
5.0,0.48,0
5.0,0.48,0
5.0,0.48,0
5.0,0.48,0
5.0,0.48,0
5.0,0.48,0
5.0,0.48,0
5.0,0.48,0
5.0,0.48,0
5.0,0.48,0
5.0,0.48,0
5.0,0.48,0
5.0,0.48,0
5.0,0.48,0
5.0,0.48,0
5.0,0.48,0
5.0,0.48,0
5.0,0.48,0
5.0,0.48,0
5.0,0.48,0
5.0,0.48,0
5.0,0.48,0
5.0,0.48,0
5.0,0.48,0
5.0,0.48,0
5.0,0.48,0
5.0,0.48,0
5.0,0.48,0
5.0,0.48,0
5.0,0.48,0
5.0,0.48,0
5.0,0.48,0
5.0,0.48,0
5.0,0.48,0
5.0,0.48,0
5.0,0.48,0
5.0,0.49,0
5.0,0.49,1
5.0,0.49,0
5.0,0.49,0
5.0,0.49,0
5.0,0.49,0
5.0,0.49,0
5.0,0.49,0
5.0,0.49,0
5.0,0.49,0
6.0,0.35,0
6.0,0.35,0
6.0,0.35,1
6.0,0.36,0
6.0,0.36,0
6.0,0.36,0
6.0,0.36,0
6.0,0.36,0
6.0,0.36,0
6.0,0.36,0
6.0,0.36,0
6.0,0.36,0
6.0,0.36,0
6.0,0.36,1
6.0,0.36,0
6.0,0.36,0
6.0,0.36,0
6.0,0.36,0
6.0,0.36,0
6.0,0.36,0
6.0,0.36,0
6.0,0.36,0
6.0,0.36,0
6.0,0.36,0
6.0,0.36,0
6.0,0.36,0
6.0,0.36,0
6.0,0.36,0
6.0,0.36,0
6.0,0.36,0
6.0,0.36,0
6.0,0.36,0
6.0,0.36,0
6.0,0.36,0
6.0,0.36,0
6.0,0.36,0
6.0,0.36,0
6.0,0.36,0
6.0,0.36,0
6.0,0.36,0
6.0,0.36,0
6.0,0.36,0
6.0,0.36,0
6.0,0.36,0
6.0,0.36,0
6.0,0.36,0
6.0,0.36,0
6.0,0.36,0
6.0,0.36,0
6.0,0.36,0
6.0,0.36,0
6.0,0.36,0
6.0,0.36,0
6.0,0.36,0
6.0,0.36,0
6.0,0.37,0
6.0,0.37,0
6.0,0.37,0
6.0,0.37,0
6.0,0.37,0
6.0,0.37,0
6.0,0.37,0
6.0,0.37,0
6.0,0.37,0
6.0,0.37,0
6.0,0.37,0
6.0,0.37,0
6.0,0.37,0
6.0,0.37,0
6.0,0.37,0
6.0,0.37,0
6.0,0.37,0
6.0,0.37,0
6.0,0.37,0
6.0,0.37,0
6.0,0.37,0
6.0,0.37,0
6.0,0.37,0
6.0,0.37,0
6.0,0.37,0
6.0,0.37,0
6.0,0.37,0
6.0,0.37,0
6.0,0.37,0
6.0,0.37,0
6.0,0.37,0
6.0,0.37,0
6.0,0.37,0
6.0,0.37,0
6.0,0.37,0
6.0,0.38,0
6.0,0.38,0
6.0,0.38,0
6.0,0.38,0
6.0,0.38,0
6.0,0.38,0
6.0,0.38,0
6.0,0.38,0
6.0,0.38,0
6.0,0.38,0
6.0,0.38,0
6.0,0.38,0
6.0,0.38,0
6.0,0.38,0
6.0,0.38,0
6.0,0.38,0
6.0,0.38,0
6.0,0.38,0
6.0,0.38,0
6.0,0.38,0
6.0,0.38,0
6.0,0.38,0
6.0,0.38,0
6.0,0.38,0
6.0,0.38,0
6.0,0.38,0
6.0,0.38,0
6.0,0.38,0
6.0,0.38,0
6.0,0.38,0
6.0,0.38,0
6.0,0.38,0
6.0,0.38,1
6.0,0.38,0
6.0,0.38,0
6.0,0.38,0
6.0,0.38,0
6.0,0.38,0
6.0,0.38,0
6.0,0.38,0
6.0,0.38,0
6.0,0.38,0
6.0,0.38,0
6.0,0.38,0
6.0,0.38,0
6.0,0.38,0
6.0,0.38,0
6.0,0.38,0
6.0,0.38,0
6.0,0.38,0
6.0,0.38,0
6.0,0.38,0
6.0,0.38,0
6.0,0.38,0
6.0,0.38,0
6.0,0.38,0
6.0,0.38,0
6.0,0.38,0
6.0,0.38,1
6.0,0.38,0
6.0,0.38,0
6.0,0.38,0
6.0,0.38,0
6.0,0.38,0
6.0,0.38,0
6.0,0.38,0
6.0,0.38,0
6.0,0.39,0
6.0,0.39,0
6.0,0.39,0
6.0,0.39,0
6.0,0.39,0
6.0,0.39,0
6.0,0.39,0
6.0,0.39,0
6.0,0.39,0
6.0,0.39,0
6.0,0.39,0
6.0,0.39,0
6.0,0.39,0
6.0,0.39,0
6.0,0.39,0
6.0,0.39,0
6.0,0.39,0
6.0,0.39,0
6.0,0.39,0
6.0,0.39,0
6.0,0.39,0
6.0,0.39,0
6.0,0.39,0
6.0,0.39,0
6.0,0.39,0
6.0,0.39,0
6.0,0.39,0
6.0,0.39,0
6.0,0.39,0
6.0,0.39,0
6.0,0.39,0
6.0,0.39,0
6.0,0.39,0
6.0,0.39,0
6.0,0.39,0
6.0,0.39,0
6.0,0.39,0
6.0,0.39,0
6.0,0.39,0
6.0,0.39,0
6.0,0.39,0
6.0,0.39,0
6.0,0.39,0
6.0,0.39,0
6.0,0.39,0
6.0,0.39,0
6.0,0.39,0
6.0,0.39,0
6.0,0.39,0
6.0,0.39,0
6.0,0.39,0
6.0,0.39,0
6.0,0.39,0
6.0,0.39,0
6.0,0.39,0
6.0,0.39,0
6.0,0.39,0
6.0,0.39,0
6.0,0.39,0
6.0,0.39,0
6.0,0.39,0
6.0,0.39,0
6.0,0.39,0
6.0,0.39,0
6.0,0.39,0
6.0,0.39,0
6.0,0.39,0
6.0,0.39,0
6.0,0.39,0
6.0,0.39,0
6.0,0.39,0
6.0,0.39,0
6.0,0.39,0
6.0,0.39,0
6.0,0.39,0
6.0,0.39,0
6.0,0.39,0
6.0,0.39,0
6.0,0.39,0
6.0,0.39,0
6.0,0.39,0
6.0,0.39,0
6.0,0.39,0
6.0,0.39,0
6.0,0.4,0
6.0,0.4,0
6.0,0.4,0
6.0,0.4,0
6.0,0.4,0
6.0,0.4,0
6.0,0.4,0
6.0,0.4,0
6.0,0.4,0
6.0,0.4,0
6.0,0.4,0
6.0,0.4,0
6.0,0.4,0
6.0,0.4,0
6.0,0.4,0
6.0,0.4,0
6.0,0.4,0
6.0,0.4,0
6.0,0.4,0
6.0,0.4,0
6.0,0.4,0
6.0,0.4,0
6.0,0.4,0
6.0,0.4,1
6.0,0.4,0
6.0,0.4,0
6.0,0.4,0
6.0,0.4,0
6.0,0.4,0
6.0,0.4,0
6.0,0.4,0
6.0,0.4,0
6.0,0.4,0
6.0,0.4,0
6.0,0.4,0
6.0,0.4,0
6.0,0.4,0
6.0,0.4,0
6.0,0.4,0
6.0,0.4,0
6.0,0.4,0
6.0,0.4,0
6.0,0.4,0
6.0,0.4,0
6.0,0.4,0
6.0,0.4,0
6.0,0.4,0
6.0,0.4,0
6.0,0.4,0
6.0,0.4,0
6.0,0.4,0
6.0,0.4,0
6.0,0.4,0
6.0,0.4,0
6.0,0.4,0
6.0,0.4,0
6.0,0.4,0
6.0,0.4,0
6.0,0.4,0
6.0,0.4,0
6.0,0.4,0
6.0,0.41,0
6.0,0.41,0
6.0,0.41,0
6.0,0.41,0
6.0,0.41,0
6.0,0.41,0
6.0,0.41,0
6.0,0.41,0
6.0,0.41,0
6.0,0.41,0
6.0,0.41,0
6.0,0.41,0
6.0,0.41,0
6.0,0.41,0
6.0,0.41,0
6.0,0.41,0
6.0,0.41,0
6.0,0.41,0
6.0,0.41,0
6.0,0.41,0
6.0,0.41,0
6.0,0.41,0
6.0,0.41,0
6.0,0.41,0
6.0,0.41,0
6.0,0.41,0
6.0,0.41,0
6.0,0.41,0
6.0,0.41,0
6.0,0.41,0
6.0,0.41,0
6.0,0.41,0
6.0,0.41,0
6.0,0.41,0
6.0,0.41,0
6.0,0.41,0
6.0,0.41,0
6.0,0.41,0
6.0,0.41,0
6.0,0.41,0
6.0,0.41,0
6.0,0.41,0
6.0,0.41,0
6.0,0.41,1
6.0,0.41,0
6.0,0.41,0
6.0,0.41,0
6.0,0.41,0
6.0,0.41,0
6.0,0.41,0
6.0,0.41,0
6.0,0.41,0
6.0,0.41,0
6.0,0.41,0
6.0,0.41,0
6.0,0.41,0
6.0,0.41,0
6.0,0.41,0
6.0,0.41,0
6.0,0.41,0
6.0,0.41,0
6.0,0.42,0
6.0,0.42,0
6.0,0.42,0
6.0,0.42,0
6.0,0.42,0
6.0,0.42,0
6.0,0.42,0
6.0,0.42,0
6.0,0.42,0
6.0,0.42,0
6.0,0.42,0
6.0,0.42,0
6.0,0.42,0
6.0,0.42,0
6.0,0.42,0
6.0,0.42,0
6.0,0.42,0
6.0,0.42,0
6.0,0.42,0
6.0,0.42,0
6.0,0.42,0
6.0,0.42,0
6.0,0.42,0
6.0,0.42,0
6.0,0.42,0
6.0,0.42,0
6.0,0.42,0
6.0,0.42,0
6.0,0.42,0
6.0,0.42,0
6.0,0.42,0
6.0,0.42,0
6.0,0.42,0
6.0,0.42,0
6.0,0.42,0
6.0,0.42,0
6.0,0.42,0
6.0,0.42,0
6.0,0.42,0
6.0,0.42,0
6.0,0.42,0
6.0,0.42,0
6.0,0.42,0
6.0,0.42,0
6.0,0.42,0
6.0,0.42,0
6.0,0.42,0
6.0,0.42,0
6.0,0.42,0
6.0,0.42,0
6.0,0.42,0
6.0,0.42,0
6.0,0.42,0
6.0,0.42,0
6.0,0.42,0
6.0,0.42,0
6.0,0.42,0
6.0,0.42,0
6.0,0.42,0
6.0,0.42,0
6.0,0.42,0
6.0,0.42,0
6.0,0.42,0
6.0,0.42,0
6.0,0.42,0
6.0,0.42,0
6.0,0.42,0
6.0,0.42,0
6.0,0.42,0
6.0,0.42,0
6.0,0.42,0
6.0,0.42,0
6.0,0.42,0
6.0,0.42,0
6.0,0.42,0
6.0,0.42,0
6.0,0.42,0
6.0,0.42,0
6.0,0.42,0
6.0,0.42,0
6.0,0.42,0
6.0,0.42,0
6.0,0.42,0
6.0,0.42,0
6.0,0.42,0
6.0,0.42,0
6.0,0.42,0
6.0,0.42,0
6.0,0.42,0
6.0,0.42,0
6.0,0.42,0
6.0,0.42,0
6.0,0.42,0
6.0,0.42,0
6.0,0.42,0
6.0,0.42,0
6.0,0.42,0
6.0,0.42,0
6.0,0.42,0
6.0,0.42,0
6.0,0.42,0
6.0,0.42,0
6.0,0.42,0
6.0,0.42,0
6.0,0.42,0
6.0,0.42,0
6.0,0.42,0
6.0,0.42,0
6.0,0.42,0
6.0,0.42,0
6.0,0.42,0
6.0,0.42,0
6.0,0.42,0
6.0,0.42,0
6.0,0.42,0
6.0,0.42,0
6.0,0.42,0
6.0,0.42,0
6.0,0.42,0
6.0,0.42,0
6.0,0.42,0
6.0,0.42,0
6.0,0.42,0
6.0,0.42,0
6.0,0.42,0
6.0,0.42,0
6.0,0.42,0
6.0,0.42,0
6.0,0.42,0
6.0,0.42,0
6.0,0.42,0
6.0,0.42,0
6.0,0.42,0
6.0,0.42,0
6.0,0.42,0
6.0,0.42,0
6.0,0.42,0
6.0,0.42,0
6.0,0.42,0
6.0,0.42,0
6.0,0.42,0
6.0,0.42,0
6.0,0.42,0
6.0,0.42,0
6.0,0.42,0
6.0,0.42,0
6.0,0.42,0
6.0,0.42,0
6.0,0.42,0
6.0,0.42,0
6.0,0.42,0
6.0,0.42,0
6.0,0.42,0
6.0,0.42,0
6.0,0.42,0
6.0,0.42,0
6.0,0.42,0
6.0,0.42,0
6.0,0.42,0
6.0,0.42,0
6.0,0.42,0
6.0,0.42,0
6.0,0.42,0
6.0,0.42,0
6.0,0.42,0
6.0,0.42,0
6.0,0.42,0
6.0,0.42,0
6.0,0.42,0
6.0,0.42,0
6.0,0.42,0
6.0,0.42,0
6.0,0.42,0
6.0,0.42,0
6.0,0.42,0
6.0,0.42,0
6.0,0.42,0
6.0,0.42,0
6.0,0.42,0
6.0,0.42,0
6.0,0.42,0
6.0,0.42,0
6.0,0.42,0
6.0,0.42,0
6.0,0.42,0
6.0,0.42,0
6.0,0.42,0
6.0,0.42,0
6.0,0.42,1
6.0,0.42,0
6.0,0.42,0
6.0,0.43,0
6.0,0.43,0
6.0,0.43,0
6.0,0.43,0
6.0,0.43,0
6.0,0.43,0
6.0,0.43,1
6.0,0.43,0
6.0,0.43,0
6.0,0.43,0
6.0,0.43,0
6.0,0.43,0
6.0,0.43,0
6.0,0.43,0
6.0,0.43,0
6.0,0.43,0
6.0,0.43,0
6.0,0.43,0
6.0,0.43,0
6.0,0.43,0
6.0,0.43,0
6.0,0.43,0
6.0,0.43,0
6.0,0.43,0
6.0,0.43,0
6.0,0.43,0
6.0,0.43,0
6.0,0.43,0
6.0,0.43,0
6.0,0.43,0
6.0,0.43,0
6.0,0.43,0
6.0,0.43,0
6.0,0.43,0
6.0,0.43,0
6.0,0.43,0
6.0,0.43,0
6.0,0.43,0
6.0,0.43,0
6.0,0.43,0
6.0,0.43,0
6.0,0.43,0
6.0,0.43,0
6.0,0.43,0
6.0,0.43,0
6.0,0.43,0
6.0,0.43,0
6.0,0.43,0
6.0,0.43,0
6.0,0.43,0
6.0,0.43,0
6.0,0.43,0
6.0,0.43,0
6.0,0.43,0
6.0,0.43,0
6.0,0.43,0
6.0,0.43,0
6.0,0.43,0
6.0,0.43,0
6.0,0.43,0
6.0,0.43,0
6.0,0.43,0
6.0,0.43,0
6.0,0.43,0
6.0,0.43,0
6.0,0.43,0
6.0,0.43,0
6.0,0.43,0
6.0,0.43,0
6.0,0.43,0
6.0,0.43,0
6.0,0.43,0
6.0,0.43,0
6.0,0.43,0
6.0,0.43,0
6.0,0.43,0
6.0,0.43,0
6.0,0.43,0
6.0,0.43,0
6.0,0.43,0
6.0,0.43,0
6.0,0.43,0
6.0,0.43,0
6.0,0.43,0
6.0,0.43,0
6.0,0.43,0
6.0,0.43,0
6.0,0.43,0
6.0,0.43,0
6.0,0.43,0
6.0,0.43,0
6.0,0.43,0
6.0,0.43,0
6.0,0.43,0
6.0,0.43,1
6.0,0.43,0
6.0,0.43,0
6.0,0.43,0
6.0,0.44,0
6.0,0.44,0
6.0,0.44,0
6.0,0.44,0
6.0,0.44,0
6.0,0.44,0
6.0,0.44,0
6.0,0.44,0
6.0,0.44,0
6.0,0.44,0
6.0,0.44,0
6.0,0.44,0
6.0,0.44,0
6.0,0.44,0
6.0,0.44,0
6.0,0.44,0
6.0,0.44,0
6.0,0.44,0
6.0,0.44,0
6.0,0.44,0
6.0,0.44,0
6.0,0.44,0
6.0,0.44,0
6.0,0.44,0
6.0,0.44,0
6.0,0.44,0
6.0,0.44,0
6.0,0.44,0
6.0,0.44,0
6.0,0.44,0
6.0,0.44,0
6.0,0.44,0
6.0,0.44,0
6.0,0.44,0
6.0,0.44,0
6.0,0.44,0
6.0,0.44,0
6.0,0.44,0
6.0,0.44,0
6.0,0.44,0
6.0,0.44,0
6.0,0.44,0
6.0,0.44,0
6.0,0.44,0
6.0,0.44,0
6.0,0.44,0
6.0,0.44,0
6.0,0.44,0
6.0,0.44,0
6.0,0.44,0
6.0,0.44,0
6.0,0.44,0
6.0,0.44,0
6.0,0.44,0
6.0,0.44,0
6.0,0.44,0
6.0,0.44,0
6.0,0.44,0
6.0,0.44,0
6.0,0.44,0
6.0,0.44,0
6.0,0.44,0
6.0,0.44,0
6.0,0.44,0
6.0,0.44,0
6.0,0.44,0
6.0,0.44,0
6.0,0.44,0
6.0,0.44,0
6.0,0.44,0
6.0,0.44,0
6.0,0.44,0
6.0,0.44,0
6.0,0.44,0
6.0,0.44,0
6.0,0.44,0
6.0,0.44,0
6.0,0.44,0
6.0,0.44,0
6.0,0.44,0
6.0,0.44,0
6.0,0.44,0
6.0,0.44,0
6.0,0.44,0
6.0,0.44,0
6.0,0.44,0
6.0,0.44,0
6.0,0.44,0
6.0,0.44,0
6.0,0.44,0
6.0,0.44,0
6.0,0.44,0
6.0,0.44,0
6.0,0.44,0
6.0,0.44,0
6.0,0.44,0
6.0,0.44,0
6.0,0.44,0
6.0,0.44,0
6.0,0.44,0
6.0,0.44,0
6.0,0.44,0
6.0,0.44,0
6.0,0.44,0
6.0,0.44,0
6.0,0.44,0
6.0,0.44,0
6.0,0.44,0
6.0,0.44,0
6.0,0.44,0
6.0,0.44,0
6.0,0.44,0
6.0,0.44,0
6.0,0.44,0
6.0,0.44,0
6.0,0.44,0
6.0,0.44,0
6.0,0.44,0
6.0,0.44,0
6.0,0.44,0
6.0,0.44,0
6.0,0.44,0
6.0,0.44,0
6.0,0.44,0
6.0,0.44,0
6.0,0.44,0
6.0,0.44,0
6.0,0.44,0
6.0,0.44,0
6.0,0.44,0
6.0,0.44,0
6.0,0.44,0
6.0,0.44,0
6.0,0.44,0
6.0,0.44,0
6.0,0.44,0
6.0,0.44,1
6.0,0.44,0
6.0,0.44,0
6.0,0.44,0
6.0,0.44,0
6.0,0.44,0
6.0,0.45,0
6.0,0.45,0
6.0,0.45,0
6.0,0.45,0
6.0,0.45,0
6.0,0.45,0
6.0,0.45,0
6.0,0.45,0
6.0,0.45,0
6.0,0.45,0
6.0,0.45,0
6.0,0.45,0
6.0,0.45,1
6.0,0.45,0
6.0,0.45,0
6.0,0.45,0
6.0,0.45,0
6.0,0.45,0
6.0,0.45,0
6.0,0.45,0
6.0,0.45,0
6.0,0.45,0
6.0,0.45,0
6.0,0.45,0
6.0,0.45,0
6.0,0.45,0
6.0,0.45,0
6.0,0.45,0
6.0,0.45,0
6.0,0.45,0
6.0,0.45,0
6.0,0.45,0
6.0,0.45,0
6.0,0.45,0
6.0,0.45,0
6.0,0.45,0
6.0,0.45,0
6.0,0.45,0
6.0,0.45,1
6.0,0.45,0
6.0,0.45,0
6.0,0.45,0
6.0,0.45,0
6.0,0.45,0
6.0,0.45,0
6.0,0.45,0
6.0,0.45,0
6.0,0.45,0
6.0,0.45,0
6.0,0.45,0
6.0,0.45,0
6.0,0.45,0
6.0,0.45,0
6.0,0.45,0
6.0,0.45,1
6.0,0.45,0
6.0,0.45,1
6.0,0.45,0
6.0,0.45,0
6.0,0.45,0
6.0,0.45,1
6.0,0.45,0
6.0,0.45,0
6.0,0.45,0
6.0,0.45,0
6.0,0.45,0
6.0,0.45,0
6.0,0.45,0
6.0,0.45,0
6.0,0.46,0
6.0,0.46,0
6.0,0.46,0
6.0,0.46,0
6.0,0.46,0
6.0,0.46,0
6.0,0.46,0
6.0,0.46,0
6.0,0.46,0
6.0,0.46,0
6.0,0.46,0
6.0,0.46,0
6.0,0.46,0
6.0,0.46,0
6.0,0.46,0
6.0,0.46,0
6.0,0.46,0
6.0,0.46,0
6.0,0.46,0
6.0,0.46,0
6.0,0.46,0
6.0,0.46,0
6.0,0.46,0
6.0,0.46,0
6.0,0.46,0
6.0,0.46,0
6.0,0.46,0
6.0,0.46,0
6.0,0.46,0
6.0,0.46,0
6.0,0.46,0
6.0,0.46,0
6.0,0.46,0
6.0,0.46,0
6.0,0.46,0
6.0,0.46,0
6.0,0.46,0
6.0,0.46,0
6.0,0.46,0
6.0,0.46,0
6.0,0.46,0
6.0,0.46,0
6.0,0.46,0
6.0,0.46,0
6.0,0.46,0
6.0,0.46,0
6.0,0.46,0
6.0,0.46,0
6.0,0.46,0
6.0,0.46,0
6.0,0.46,0
6.0,0.46,0
6.0,0.46,0
6.0,0.46,0
6.0,0.46,0
6.0,0.46,0
6.0,0.46,0
6.0,0.46,0
6.0,0.46,0
6.0,0.46,0
6.0,0.46,0
6.0,0.46,0
6.0,0.46,0
6.0,0.46,0
6.0,0.46,0
6.0,0.46,0
6.0,0.46,0
6.0,0.46,0
6.0,0.46,0
6.0,0.46,0
6.0,0.46,0
6.0,0.46,0
6.0,0.46,0
6.0,0.46,0
6.0,0.46,0
6.0,0.46,0
6.0,0.46,0
6.0,0.46,0
6.0,0.46,0
6.0,0.46,0
6.0,0.46,0
6.0,0.46,0
6.0,0.46,0
6.0,0.46,0
6.0,0.46,0
6.0,0.46,0
6.0,0.46,0
6.0,0.46,0
6.0,0.46,0
6.0,0.46,0
6.0,0.46,0
6.0,0.46,0
6.0,0.46,0
6.0,0.46,0
6.0,0.47,0
6.0,0.47,0
6.0,0.47,0
6.0,0.47,0
6.0,0.47,0
6.0,0.47,0
6.0,0.47,0
6.0,0.47,0
6.0,0.47,0
6.0,0.47,0
6.0,0.47,0
6.0,0.47,0
6.0,0.47,0
6.0,0.47,0
6.0,0.47,0
6.0,0.47,0
6.0,0.47,0
6.0,0.47,0
6.0,0.47,0
6.0,0.47,0
6.0,0.47,0
6.0,0.47,0
6.0,0.47,0
6.0,0.47,0
6.0,0.47,0
6.0,0.47,0
6.0,0.47,0
6.0,0.47,0
6.0,0.47,0
6.0,0.47,0
6.0,0.47,0
6.0,0.47,0
6.0,0.47,0
6.0,0.47,0
6.0,0.47,0
6.0,0.47,0
6.0,0.47,0
6.0,0.47,0
6.0,0.47,0
6.0,0.47,0
6.0,0.47,0
6.0,0.47,0
6.0,0.47,0
6.0,0.47,0
6.0,0.47,0
6.0,0.47,0
6.0,0.47,0
6.0,0.47,0
6.0,0.47,0
6.0,0.47,0
6.0,0.47,0
6.0,0.47,0
6.0,0.47,0
6.0,0.47,0
6.0,0.47,0
6.0,0.47,0
6.0,0.47,0
6.0,0.47,0
6.0,0.47,0
6.0,0.47,0
6.0,0.47,0
6.0,0.47,0
6.0,0.47,0
6.0,0.47,0
6.0,0.47,0
6.0,0.47,0
6.0,0.47,0
6.0,0.47,0
6.0,0.47,0
6.0,0.47,0
6.0,0.47,0
6.0,0.47,0
6.0,0.47,0
6.0,0.47,0
6.0,0.47,0
6.0,0.47,0
6.0,0.47,0
6.0,0.47,0
6.0,0.47,0
6.0,0.47,0
6.0,0.47,0
6.0,0.47,0
6.0,0.47,0
6.0,0.47,0
6.0,0.47,0
6.0,0.47,0
6.0,0.47,0
6.0,0.47,0
6.0,0.47,0
6.0,0.47,0
6.0,0.47,0
6.0,0.47,0
6.0,0.47,0
6.0,0.47,0
6.0,0.47,0
6.0,0.47,0
6.0,0.47,0
6.0,0.47,0
6.0,0.47,0
6.0,0.47,0
6.0,0.47,0
6.0,0.47,0
6.0,0.47,0
6.0,0.47,0
6.0,0.47,0
6.0,0.47,0
6.0,0.47,0
6.0,0.47,0
6.0,0.47,0
6.0,0.47,0
6.0,0.47,0
6.0,0.47,0
6.0,0.47,0
6.0,0.47,0
6.0,0.47,0
6.0,0.47,0
6.0,0.47,0
6.0,0.47,0
6.0,0.47,0
6.0,0.47,0
6.0,0.48,0
6.0,0.48,0
6.0,0.48,0
6.0,0.48,0
6.0,0.48,0
6.0,0.48,0
6.0,0.48,0
6.0,0.48,0
6.0,0.48,0
6.0,0.48,0
6.0,0.48,0
6.0,0.48,0
6.0,0.48,0
6.0,0.48,0
6.0,0.48,0
6.0,0.48,0
6.0,0.48,0
6.0,0.48,0
6.0,0.48,0
6.0,0.48,0
6.0,0.48,0
6.0,0.48,0
6.0,0.48,0
6.0,0.48,0
6.0,0.48,0
6.0,0.48,0
6.0,0.48,0
6.0,0.48,0
6.0,0.48,0
6.0,0.48,0
6.0,0.48,0
6.0,0.48,0
6.0,0.48,0
6.0,0.48,0
6.0,0.48,0
6.0,0.48,0
6.0,0.48,0
6.0,0.48,0
6.0,0.48,0
6.0,0.48,0
6.0,0.48,0
6.0,0.48,0
6.0,0.48,0
6.0,0.48,0
6.0,0.48,0
6.0,0.48,0
6.0,0.48,0
6.0,0.48,0
6.0,0.48,0
6.0,0.48,0
6.0,0.48,0
6.0,0.48,0
6.0,0.48,0
6.0,0.48,0
6.0,0.48,0
6.0,0.48,0
6.0,0.48,0
6.0,0.48,0
6.0,0.48,0
6.0,0.48,0
6.0,0.48,0
6.0,0.48,0
6.0,0.48,0
6.0,0.48,0
6.0,0.48,0
6.0,0.48,0
6.0,0.48,0
6.0,0.48,0
6.0,0.48,0
6.0,0.48,0
6.0,0.48,0
6.0,0.48,0
6.0,0.48,0
6.0,0.48,0
6.0,0.48,0
6.0,0.48,0
6.0,0.48,0
6.0,0.48,0
6.0,0.48,0
6.0,0.48,0
6.0,0.48,0
6.0,0.48,0
6.0,0.48,0
6.0,0.48,0
6.0,0.48,0
6.0,0.48,0
6.0,0.48,0
6.0,0.48,0
6.0,0.48,0
6.0,0.48,0
6.0,0.48,0
6.0,0.48,0
6.0,0.48,0
6.0,0.48,0
6.0,0.48,0
6.0,0.48,0
6.0,0.48,0
6.0,0.48,0
6.0,0.49,0
6.0,0.49,0
6.0,0.49,0
6.0,0.49,0
6.0,0.49,0
6.0,0.49,0
6.0,0.49,0
6.0,0.49,0
6.0,0.49,0
6.0,0.49,0
6.0,0.49,0
6.0,0.49,0
6.0,0.49,0
6.0,0.49,0
6.0,0.49,0
6.0,0.49,0
6.0,0.49,0
6.0,0.49,0
6.0,0.49,0
6.0,0.49,0
6.0,0.49,0
6.0,0.49,0
6.0,0.49,0
6.0,0.49,0
6.0,0.49,0
6.0,0.49,0
6.0,0.49,0
6.0,0.49,0
6.0,0.49,0
6.0,0.49,0
6.0,0.49,0
6.0,0.49,0
6.0,0.49,0
6.0,0.49,0
6.0,0.49,0
6.0,0.49,0
6.0,0.49,0
6.0,0.49,0
6.0,0.49,0
6.0,0.49,0
6.0,0.49,0
6.0,0.49,0
6.0,0.49,0
6.0,0.49,0
6.0,0.49,0
6.0,0.49,0
6.0,0.49,0
6.0,0.49,0
6.0,0.49,0
6.0,0.49,0
6.0,0.49,0
6.0,0.49,0
6.0,0.49,0
6.0,0.49,0
6.0,0.49,0
6.0,0.49,0
6.0,0.49,0
6.0,0.49,0
6.0,0.49,0
6.0,0.49,0
6.0,0.49,0
6.0,0.49,0
6.0,0.49,0
6.0,0.49,0
6.0,0.49,0
6.0,0.49,0
6.0,0.49,0
6.0,0.49,0
6.0,0.49,0
6.0,0.49,0
6.0,0.49,0
6.0,0.49,0
6.0,0.49,0
6.0,0.49,0
6.0,0.49,0
6.0,0.49,0
6.0,0.49,0
6.0,0.49,0
6.0,0.49,0
6.0,0.49,0
6.0,0.49,0
6.0,0.49,0
7.0,0.4,0
7.0,0.4,0
7.0,0.4,0
7.0,0.4,0
7.0,0.4,0
7.0,0.4,0
7.0,0.41,0
7.0,0.41,0
7.0,0.41,0
7.0,0.41,0
7.0,0.41,0
7.0,0.41,0
7.0,0.41,0
7.0,0.41,0
7.0,0.41,0
7.0,0.41,0
7.0,0.41,0
7.0,0.41,0
7.0,0.41,0
7.0,0.41,0
7.0,0.41,0
7.0,0.41,0
7.0,0.41,0
7.0,0.41,0
7.0,0.41,0
7.0,0.41,0
7.0,0.41,0
7.0,0.41,0
7.0,0.41,0
7.0,0.41,0
7.0,0.41,0
7.0,0.41,0
7.0,0.41,0
7.0,0.41,1
7.0,0.41,0
7.0,0.41,0
7.0,0.41,1
7.0,0.41,0
7.0,0.41,0
7.0,0.41,0
7.0,0.41,0
7.0,0.42,0
7.0,0.42,0
7.0,0.42,0
7.0,0.42,0
7.0,0.42,0
7.0,0.42,0
7.0,0.42,0
7.0,0.42,0
7.0,0.42,0
7.0,0.42,0
7.0,0.42,0
7.0,0.42,0
7.0,0.42,0
7.0,0.42,0
7.0,0.42,0
7.0,0.42,0
7.0,0.42,0
7.0,0.42,0
7.0,0.42,0
7.0,0.42,0
7.0,0.42,0
7.0,0.42,0
7.0,0.42,0
7.0,0.42,0
7.0,0.42,0
7.0,0.42,0
7.0,0.42,0
7.0,0.42,0
7.0,0.42,0
7.0,0.42,0
7.0,0.42,0
7.0,0.42,0
7.0,0.42,0
7.0,0.42,0
7.0,0.42,0
7.0,0.42,0
7.0,0.42,0
7.0,0.42,0
7.0,0.42,0
7.0,0.42,0
7.0,0.42,0
7.0,0.42,0
7.0,0.42,0
7.0,0.42,0
7.0,0.42,0
7.0,0.42,0
7.0,0.42,0
7.0,0.42,0
7.0,0.42,0
7.0,0.42,0
7.0,0.42,0
7.0,0.42,0
7.0,0.42,0
7.0,0.42,0
7.0,0.42,0
7.0,0.42,0
7.0,0.42,0
7.0,0.42,0
7.0,0.42,0
7.0,0.42,0
7.0,0.42,0
7.0,0.42,0
7.0,0.42,0
7.0,0.42,0
7.0,0.42,0
7.0,0.42,0
7.0,0.42,0
7.0,0.42,0
7.0,0.42,0
7.0,0.42,0
7.0,0.42,0
7.0,0.42,1
7.0,0.42,0
7.0,0.42,0
7.0,0.42,0
7.0,0.42,0
7.0,0.42,0
7.0,0.42,1
7.0,0.42,0
7.0,0.42,0
7.0,0.42,0
7.0,0.42,0
7.0,0.42,0
7.0,0.42,0
7.0,0.42,0
7.0,0.42,0
7.0,0.42,0
7.0,0.42,0
7.0,0.42,0
7.0,0.42,0
7.0,0.42,0
7.0,0.42,0
7.0,0.43,0
7.0,0.43,0
7.0,0.43,0
7.0,0.43,0
7.0,0.43,0
7.0,0.43,0
7.0,0.43,0
7.0,0.43,0
7.0,0.43,0
7.0,0.43,0
7.0,0.43,0
7.0,0.43,0
7.0,0.43,0
7.0,0.43,0
7.0,0.43,0
7.0,0.43,0
7.0,0.43,0
7.0,0.43,0
7.0,0.43,0
7.0,0.43,0
7.0,0.43,0
7.0,0.43,0
7.0,0.43,1
7.0,0.43,0
7.0,0.43,0
7.0,0.43,0
7.0,0.43,0
7.0,0.43,0
7.0,0.43,0
7.0,0.43,0
7.0,0.43,0
7.0,0.43,0
7.0,0.43,0
7.0,0.43,0
7.0,0.43,0
7.0,0.43,0
7.0,0.43,0
7.0,0.43,0
7.0,0.43,0
7.0,0.43,0
7.0,0.43,0
7.0,0.43,0
7.0,0.43,0
7.0,0.43,0
7.0,0.43,0
7.0,0.43,0
7.0,0.43,0
7.0,0.43,0
7.0,0.43,0
7.0,0.43,0
7.0,0.43,1
7.0,0.43,0
7.0,0.43,0
7.0,0.43,0
7.0,0.43,0
7.0,0.43,0
7.0,0.43,0
7.0,0.43,0
7.0,0.43,0
7.0,0.43,0
7.0,0.43,0
7.0,0.43,0
7.0,0.43,0
7.0,0.43,0
7.0,0.43,1
7.0,0.43,0
7.0,0.43,0
7.0,0.43,0
7.0,0.43,0
7.0,0.43,0
7.0,0.43,0
7.0,0.43,0
7.0,0.43,0
7.0,0.43,0
7.0,0.43,0
7.0,0.43,0
7.0,0.43,0
7.0,0.43,0
7.0,0.43,0
7.0,0.43,0
7.0,0.43,0
7.0,0.43,0
7.0,0.43,0
7.0,0.43,0
7.0,0.43,0
7.0,0.43,0
7.0,0.43,0
7.0,0.43,0
7.0,0.43,0
7.0,0.43,0
7.0,0.43,0
7.0,0.43,0
7.0,0.43,0
7.0,0.43,0
7.0,0.43,0
7.0,0.43,0
7.0,0.43,0
7.0,0.43,0
7.0,0.43,0
7.0,0.43,0
7.0,0.44,0
7.0,0.44,0
7.0,0.44,0
7.0,0.44,0
7.0,0.44,0
7.0,0.44,0
7.0,0.44,0
7.0,0.44,0
7.0,0.44,0
7.0,0.44,0
7.0,0.44,0
7.0,0.44,0
7.0,0.44,0
7.0,0.44,0
7.0,0.44,0
7.0,0.44,0
7.0,0.44,0
7.0,0.44,0
7.0,0.44,0
7.0,0.44,0
7.0,0.44,0
7.0,0.44,0
7.0,0.44,0
7.0,0.44,0
7.0,0.44,0
7.0,0.44,0
7.0,0.44,0
7.0,0.44,0
7.0,0.44,0
7.0,0.44,0
7.0,0.44,0
7.0,0.44,0
7.0,0.44,0
7.0,0.44,0
7.0,0.44,0
7.0,0.44,0
7.0,0.44,0
7.0,0.44,0
7.0,0.44,0
7.0,0.44,0
7.0,0.44,0
7.0,0.44,0
7.0,0.44,0
7.0,0.44,0
7.0,0.44,0
7.0,0.44,0
7.0,0.44,0
7.0,0.44,0
7.0,0.44,0
7.0,0.44,0
7.0,0.44,0
7.0,0.44,0
7.0,0.44,0
7.0,0.44,0
7.0,0.44,0
7.0,0.44,0
7.0,0.44,0
7.0,0.44,0
7.0,0.44,0
7.0,0.44,0
7.0,0.44,0
7.0,0.44,0
7.0,0.44,0
7.0,0.44,0
7.0,0.44,0
7.0,0.44,0
7.0,0.44,0
7.0,0.44,0
7.0,0.44,0
7.0,0.44,0
7.0,0.44,0
7.0,0.44,0
7.0,0.44,0
7.0,0.44,0
7.0,0.44,0
7.0,0.44,0
7.0,0.44,0
7.0,0.44,0
7.0,0.44,0
7.0,0.44,0
7.0,0.44,0
7.0,0.44,0
7.0,0.44,0
7.0,0.44,0
7.0,0.44,0
7.0,0.44,0
7.0,0.44,0
7.0,0.44,0
7.0,0.44,0
7.0,0.44,0
7.0,0.44,0
7.0,0.44,0
7.0,0.44,0
7.0,0.44,0
7.0,0.44,0
7.0,0.44,0
7.0,0.44,0
7.0,0.44,0
7.0,0.44,0
7.0,0.44,0
7.0,0.44,0
7.0,0.44,0
7.0,0.44,0
7.0,0.44,0
7.0,0.44,0
7.0,0.44,0
7.0,0.44,0
7.0,0.44,0
7.0,0.44,0
7.0,0.44,0
7.0,0.44,0
7.0,0.44,0
7.0,0.44,0
7.0,0.44,0
7.0,0.44,0
7.0,0.44,0
7.0,0.44,0
7.0,0.44,0
7.0,0.44,0
7.0,0.44,0
7.0,0.44,0
7.0,0.44,0
7.0,0.44,0
7.0,0.44,0
7.0,0.44,0
7.0,0.44,0
7.0,0.44,0
7.0,0.44,0
7.0,0.44,0
7.0,0.44,0
7.0,0.44,0
7.0,0.44,0
7.0,0.44,0
7.0,0.44,0
7.0,0.44,0
7.0,0.44,0
7.0,0.44,0
7.0,0.44,0
7.0,0.44,0
7.0,0.44,0
7.0,0.44,0
7.0,0.44,0
7.0,0.44,0
7.0,0.44,0
7.0,0.44,0
7.0,0.44,0
7.0,0.44,0
7.0,0.45,0
7.0,0.45,0
7.0,0.45,0
7.0,0.45,0
7.0,0.45,0
7.0,0.45,0
7.0,0.45,0
7.0,0.45,0
7.0,0.45,0
7.0,0.45,0
7.0,0.45,0
7.0,0.45,0
7.0,0.45,0
7.0,0.45,1
7.0,0.45,0
7.0,0.45,0
7.0,0.45,0
7.0,0.45,0
7.0,0.45,0
7.0,0.45,0
7.0,0.45,0
7.0,0.45,0
7.0,0.45,0
7.0,0.45,0
7.0,0.45,0
7.0,0.45,0
7.0,0.45,0
7.0,0.45,0
7.0,0.45,0
7.0,0.45,1
7.0,0.45,0
7.0,0.45,0
7.0,0.45,0
7.0,0.45,0
7.0,0.45,0
7.0,0.45,0
7.0,0.45,0
7.0,0.45,0
7.0,0.45,0
7.0,0.45,0
7.0,0.45,0
7.0,0.45,0
7.0,0.45,0
7.0,0.45,0
7.0,0.45,0
7.0,0.45,0
7.0,0.45,0
7.0,0.45,0
7.0,0.45,0
7.0,0.45,0
7.0,0.45,0
7.0,0.45,0
7.0,0.45,0
7.0,0.45,0
7.0,0.45,0
7.0,0.45,0
7.0,0.45,0
7.0,0.45,0
7.0,0.45,0
7.0,0.45,0
7.0,0.45,0
7.0,0.45,0
7.0,0.45,0
7.0,0.45,0
7.0,0.45,0
7.0,0.45,0
7.0,0.45,0
7.0,0.45,0
7.0,0.45,0
7.0,0.45,0
7.0,0.45,0
7.0,0.45,0
7.0,0.45,0
7.0,0.45,0
7.0,0.45,0
7.0,0.45,0
7.0,0.45,0
7.0,0.45,0
7.0,0.45,0
7.0,0.45,0
7.0,0.45,0
7.0,0.45,0
7.0,0.45,0
7.0,0.45,0
7.0,0.45,0
7.0,0.45,0
7.0,0.45,0
7.0,0.45,0
7.0,0.45,0
7.0,0.45,0
7.0,0.45,0
7.0,0.46,0
7.0,0.46,0
7.0,0.46,0
7.0,0.46,0
7.0,0.46,0
7.0,0.46,0
7.0,0.46,0
7.0,0.46,0
7.0,0.46,0
7.0,0.46,0
7.0,0.46,0
7.0,0.46,0
7.0,0.46,0
7.0,0.46,0
7.0,0.46,0
7.0,0.46,0
7.0,0.46,0
7.0,0.46,0
7.0,0.46,0
7.0,0.46,0
7.0,0.46,0
7.0,0.46,0
7.0,0.46,0
7.0,0.46,0
7.0,0.46,0
7.0,0.46,0
7.0,0.46,0
7.0,0.46,0
7.0,0.46,0
7.0,0.46,0
7.0,0.46,0
7.0,0.46,0
7.0,0.46,0
7.0,0.46,0
7.0,0.46,0
7.0,0.46,0
7.0,0.46,0
7.0,0.46,0
7.0,0.46,0
7.0,0.46,0
7.0,0.46,0
7.0,0.46,0
7.0,0.46,0
7.0,0.46,0
7.0,0.46,0
7.0,0.46,0
7.0,0.46,0
7.0,0.46,0
7.0,0.46,0
7.0,0.46,0
7.0,0.46,0
7.0,0.46,0
7.0,0.46,0
7.0,0.46,0
7.0,0.46,0
7.0,0.46,0
7.0,0.46,0
7.0,0.46,0
7.0,0.46,0
7.0,0.46,0
7.0,0.46,0
7.0,0.46,0
7.0,0.46,0
7.0,0.46,0
7.0,0.46,0
7.0,0.47,0
7.0,0.47,0
7.0,0.47,0
7.0,0.47,0
7.0,0.47,0
7.0,0.47,0
7.0,0.47,0
7.0,0.47,0
7.0,0.47,0
7.0,0.47,0
7.0,0.47,0
7.0,0.47,0
7.0,0.47,0
7.0,0.47,0
7.0,0.47,0
7.0,0.47,0
7.0,0.47,0
7.0,0.47,0
7.0,0.47,0
7.0,0.47,0
7.0,0.47,0
7.0,0.47,0
7.0,0.47,0
7.0,0.47,0
7.0,0.47,0
7.0,0.47,0
7.0,0.47,0
7.0,0.47,0
7.0,0.47,0
7.0,0.47,0
7.0,0.47,0
7.0,0.47,0
7.0,0.47,0
7.0,0.47,0
7.0,0.47,0
7.0,0.47,0
7.0,0.47,0
7.0,0.47,0
7.0,0.47,0
7.0,0.47,1
7.0,0.47,0
7.0,0.47,0
7.0,0.47,0
7.0,0.47,0
7.0,0.47,1
7.0,0.47,0
7.0,0.47,0
7.0,0.47,0
7.0,0.47,0
7.0,0.47,0
7.0,0.47,0
7.0,0.47,0
7.0,0.47,0
7.0,0.47,0
7.0,0.47,0
7.0,0.47,0
7.0,0.47,0
7.0,0.47,0
7.0,0.47,0
7.0,0.47,0
7.0,0.47,0
7.0,0.47,0
7.0,0.47,0
7.0,0.47,0
7.0,0.47,0
7.0,0.47,0
7.0,0.47,0
7.0,0.47,0
7.0,0.47,0
7.0,0.47,0
7.0,0.47,0
7.0,0.47,0
7.0,0.47,0
7.0,0.48,0
7.0,0.48,0
7.0,0.48,0
7.0,0.48,0
7.0,0.48,0
7.0,0.48,0
7.0,0.48,0
7.0,0.48,0
7.0,0.48,0
7.0,0.48,0
7.0,0.48,0
7.0,0.48,1
7.0,0.48,0
7.0,0.48,0
7.0,0.48,0
7.0,0.48,0
7.0,0.48,0
7.0,0.48,0
7.0,0.48,0
8.0,0.44,0
8.0,0.44,1
8.0,0.44,1
8.0,0.44,0
8.0,0.44,0
8.0,0.45,0
8.0,0.45,0
8.0,0.45,0
8.0,0.45,0
8.0,0.45,0
8.0,0.45,0
8.0,0.45,1
8.0,0.45,0
8.0,0.45,0
8.0,0.45,0
8.0,0.45,1
8.0,0.45,0
8.0,0.45,0
8.0,0.45,0
8.0,0.45,0
8.0,0.45,0
8.0,0.45,0
8.0,0.45,0
8.0,0.45,0
8.0,0.45,0
8.0,0.45,0
8.0,0.45,0
8.0,0.45,0
8.0,0.45,0
8.0,0.45,0
8.0,0.45,0
8.0,0.46,0
8.0,0.46,0
8.0,0.46,0
8.0,0.46,1
8.0,0.46,0
8.0,0.46,0
8.0,0.46,0
8.0,0.46,0
8.0,0.46,0
8.0,0.46,0
8.0,0.46,0
8.0,0.46,0
8.0,0.46,0
8.0,0.46,0
8.0,0.46,0
8.0,0.46,0
8.0,0.46,0
8.0,0.46,0
8.0,0.46,0
8.0,0.46,0
8.0,0.46,0
8.0,0.46,0
8.0,0.46,0
8.0,0.46,0
8.0,0.46,0
8.0,0.46,0
8.0,0.46,0
8.0,0.46,0
8.0,0.46,0
8.0,0.46,0
8.0,0.46,0
8.0,0.46,0
8.0,0.46,0
8.0,0.46,0
8.0,0.46,0
8.0,0.46,0
8.0,0.46,0
8.0,0.46,0
8.0,0.46,0
8.0,0.46,0
8.0,0.46,0
8.0,0.46,0
8.0,0.46,0
8.0,0.46,0
8.0,0.46,0
8.0,0.46,0
8.0,0.46,0
8.0,0.46,0
8.0,0.46,0
8.0,0.46,0
8.0,0.46,0
8.0,0.46,0
8.0,0.46,0
8.0,0.46,0
8.0,0.46,0
8.0,0.46,0
8.0,0.46,1
8.0,0.46,0
8.0,0.46,0
8.0,0.47,0
8.0,0.47,0
8.0,0.47,0
8.0,0.47,0
8.0,0.47,0
8.0,0.47,0
8.0,0.47,0
8.0,0.47,0
8.0,0.47,0
8.0,0.47,0
8.0,0.47,0
8.0,0.47,0
8.0,0.47,0
8.0,0.47,0
8.0,0.47,0
8.0,0.47,0
8.0,0.47,0
8.0,0.47,0
8.0,0.47,0
8.0,0.47,0
8.0,0.47,0
8.0,0.47,0
8.0,0.47,0
8.0,0.47,0
8.0,0.47,0
8.0,0.47,0
8.0,0.47,0
8.0,0.47,0
8.0,0.47,0
8.0,0.47,0
8.0,0.47,1
8.0,0.47,0
8.0,0.47,0
8.0,0.47,0
8.0,0.47,0
8.0,0.47,0
8.0,0.47,0
8.0,0.47,0
8.0,0.48,0
8.0,0.48,0
8.0,0.48,0
8.0,0.48,0
8.0,0.48,0
8.0,0.48,0
8.0,0.48,0
8.0,0.48,0
8.0,0.48,0
8.0,0.48,1
8.0,0.48,0
8.0,0.48,0
8.0,0.48,0
8.0,0.48,0
8.0,0.48,0
8.0,0.48,0
8.0,0.48,0
8.0,0.48,0
8.0,0.48,0
8.0,0.48,0
8.0,0.48,0
8.0,0.48,0
8.0,0.48,0
8.0,0.48,0
8.0,0.48,0
8.0,0.49,0
8.0,0.49,0
8.0,0.49,0
8.0,0.49,0
8.0,0.49,0
8.0,0.49,0
8.0,0.49,0
8.0,0.49,0
8.0,0.49,0
8.0,0.49,0
8.0,0.49,0
8.0,0.49,0
8.0,0.49,0
8.0,0.49,0
8.0,0.49,0
8.0,0.49,0
8.0,0.49,0
8.0,0.49,0
8.0,0.49,0
8.0,0.49,0
8.0,0.49,0
8.0,0.49,0
8.0,0.49,0
8.0,0.49,0
8.0,0.49,0
8.0,0.49,0
8.0,0.49,0
8.0,0.49,0
8.0,0.49,0
8.0,0.49,0
8.0,0.49,0
8.0,0.49,0
9.0,0.48,0
9.0,0.48,1
9.0,0.48,0
9.0,0.48,0
9.0,0.48,0
9.0,0.49,0
9.0,0.49,1
9.0,0.49,0
9.0,0.49,0
9.0,0.49,0
10.0,0.48,0
10.0,0.48,0
10.0,0.48,0
10.0,0.48,0
10.0,0.49,0
10.0,0.49,0
10.0,0.49,0
10.0,0.49,0
10.0,0.49,0
